run_index,diagnostic,repeat,attempt,origin_root,W,K,connections_total,concurrency_total,qps,completed,payload_validation_passed,metrics_validation_passed,validation_issues,metrics_issues,measurement_start,measurement_end,proxy_cpu_pct,controller_cpu_pct,controller_children_cpu_pct,per_core_busy_min_pct,per_core_busy_max_pct,per_core_busy_pct,named_shard_cpu_min_pct,named_shard_cpu_max_pct,named_shard_cpu_pct,named_shard_affinity,host_client_cpu_total_pct,host_server_cpu_total_pct,host_client_8core_occupancy_pct,host_server_8core_occupancy_pct,host_client_cpu_pct,host_server_cpu_pct,worker_qps,latency_p99_max_across_workers_us_NOT_global_p99,worker_latency_p99_us,worker_latency_mean_us
0,False,1,initial,/tmp/dmesh-grpc-host-dpa-scale-20260926,1,1,1,64,15029.3,150293,True,True,[],[],2026-09-26T04:03:25.575480+00:00,2026-09-26T04:03:35.575480+00:00,99.99938165336428,0.09999938165336429,0.0,100.0,100.0,"{""15"":100.0}",99.99938165336428,99.99938165336428,"{""0"":99.99938165336428}","{""0"":[15]}",144.6957964270864,146.59574123158856,18.0869745533858,18.32446765394857,[144.6957964270864],[146.59574123158856],"{""0"":15029.3}",6430.033,[6430.033],[4259.610767168132]
1,False,2,initial,/tmp/dmesh-grpc-host-dpa-scale-20260926,1,1,1,64,14763.3,147633,True,True,[],[],2026-09-26T04:03:41.336295+00:00,2026-09-26T04:03:51.336295+00:00,100.10482356026587,0.0,0.0,100.0,100.0,"{""15"":100.0}",100.00481874152435,100.00481874152435,"{""0"":100.00481874152435}","{""0"":[15]}",142.2074379178581,144.20754252992364,17.775929739732263,18.025942816240455,[142.2074379178581],[144.20754252992364],"{""0"":14763.3}",6448.392,[6448.392],[4335.070155412408]
2,False,3,initial,/tmp/dmesh-grpc-host-dpa-scale-20260926,1,1,1,64,15164.1,151641,True,True,[],[],2026-09-26T04:03:57.111450+00:00,2026-09-26T04:04:07.111450+00:00,100.0002652809542,0.0,0.0,100.0,100.0,"{""15"":100.0}",100.0002652809542,100.0002652809542,"{""0"":100.0002652809542}","{""0"":[15]}",145.80111992746754,148.20113836248757,18.225139990933442,18.525142295310946,[145.80111992746754],[148.20113836248757],"{""0"":15164.1}",6307.555,[6307.555],[4219.411505338267]
3,False,1,initial,/tmp/dmesh-grpc-host-dpa-scale-20260926,1,2,2,128,18741.3,187413,True,True,[],[],2026-09-26T04:04:17.586975+00:00,2026-09-26T04:04:27.586975+00:00,99.99707569538089,0.09999707569538088,0.0,100.0,100.0,"{""15"":100.0}",100.09707277107626,100.09707277107626,"{""0"":100.09707277107626}","{""0"":[15]}",161.5005777835271,166.30059495604058,20.187572222940886,20.787574369505073,[161.5005777835271],[166.30059495604058],"{""0"":18741.3}",10723.073,[10723.073],[6829.966487138032]
4,False,2,initial,/tmp/dmesh-grpc-host-dpa-scale-20260926,1,2,2,128,18776.6,187766,True,True,[],[],2026-09-26T04:04:33.774168+00:00,2026-09-26T04:04:43.774168+00:00,100.00682756583916,0.0,0.0,99.9001996007984,99.9001996007984,"{""15"":99.9001996007984}",100.00682756583916,100.00682756583916,"{""0"":100.00682756583916}","{""0"":[15]}",163.11143907143676,166.61168454507276,20.388929883929595,20.826460568134095,[163.11143907143676],[166.61168454507276],"{""0"":18776.6}",10304.919,[10304.919],[6816.270210751681]
5,False,3,initial,/tmp/dmesh-grpc-host-dpa-scale-20260926,1,2,2,128,18653.4,186534,True,True,[],[],2026-09-26T04:04:49.921436+00:00,2026-09-26T04:04:59.921436+00:00,99.9044518123248,0.0,0.0,100.0,100.0,"{""15"":100.0}",100.00445626859339,100.00445626859339,"{""0"":100.00445626859339}","{""0"":[15]}",162.40031913323642,166.20032660063973,20.300039891654553,20.775040825079966,[162.40031913323642],[166.20032660063973],"{""0"":18653.4}",11004.384,[11004.384],[6863.694764294981]
6,False,1,initial,/tmp/dmesh-grpc-host-dpa-scale-20260926,1,4,4,256,20189.4,201894,True,True,[],[],2026-09-26T04:05:11.619586+00:00,2026-09-26T04:05:21.619586+00:00,100.00309392603063,0.0,0.0,100.0,100.0,"{""15"":100.0}",99.9030908321046,99.9030908321046,"{""0"":99.9030908321046}","{""0"":[15]}",168.30022289663154,170.2002254129928,21.037527862078942,21.2750281766241,[168.30022289663154],[170.2002254129928],"{""0"":20189.4}",17011.691,[17011.691],[12681.563523551964]
7,False,2,initial,/tmp/dmesh-grpc-host-dpa-scale-20260926,1,4,4,256,20284.4,202844,True,True,[],[],2026-09-26T04:05:28.599520+00:00,2026-09-26T04:05:38.599520+00:00,100.00329807800284,0.10000329807800284,0.0,100.0,100.0,"{""15"":100.0}",100.00329807800284,100.00329807800284,"{""0"":100.00329807800284}","{""0"":[15]}",168.00503858770608,170.60511656584916,21.00062982346326,21.325639570731145,[168.00503858770608],[170.60511656584916],"{""0"":20284.4}",16964.916,[16964.916],[12615.232336761255]
8,False,3,initial,/tmp/dmesh-grpc-host-dpa-scale-20260926,1,4,4,256,20251,202510,True,True,[],[],2026-09-26T04:05:45.545700+00:00,2026-09-26T04:05:55.545700+00:00,100.09551367908982,0.09999551816092889,0.0,100.0,100.0,"{""15"":100.0}",99.89552264276796,99.89552264276796,"{""0"":99.89552264276796}","{""0"":[15]}",168.1986254817232,169.79861240663854,21.0248281852154,21.224826550829818,[168.1986254817232],[169.79861240663854],"{""0"":20251}",16881.203,[16881.203],[12636.12291396968]
9,False,1,initial,/tmp/dmesh-grpc-host-dpa-scale-20260926,2,1,2,128,33103.1,331031,True,True,[],[],2026-09-26T04:06:10.755885+00:00,2026-09-26T04:06:20.755885+00:00,199.98611788469603,0.09999305894234801,0.0,100.0,100.0,"{""14"":100.0,""15"":100.0}",99.99305894234801,99.99305894234801,"{""0"":99.99305894234801,""1"":99.99305894234801}","{""0"":[15],""1"":[14]}",307.2096543711531,310.50975808021815,38.401206796394135,38.81371976002727,"[153.40482090017863,153.80483347097442]","[154.3048491844691,156.20490889574904]","{""0"":16492,""1"":16611.1}",6301.748,"[6272.617,6301.748]","[3880.387769451855,3852.352577475303]"
10,False,2,initial,/tmp/dmesh-grpc-host-dpa-scale-20260926,2,1,2,128,33075.6,330756,True,True,[],[],2026-09-26T04:06:26.629618+00:00,2026-09-26T04:06:36.629618+00:00,199.89946708816495,0.09999973341078787,0.0,100.0,100.0,"{""14"":100.0,""15"":100.0}",99.99973341078787,100.09973314419865,"{""0"":100.09973314419865,""1"":99.99973341078787}","{""0"":[15],""1"":[14]}",306.1703681570426,310.76992300198833,38.27129601963033,38.84624037524854,"[152.8852034330889,153.28516472395373]","[154.98500021012933,155.78492279185903]","{""0"":16490.6,""1"":16585}",6320.043,"[6202.22,6320.043]","[3880.3962036129674,3858.5603921736506]"
11,False,3,initial,/tmp/dmesh-grpc-host-dpa-scale-20260926,2,1,2,128,33483.8,334838,True,True,[],[],2026-09-26T04:06:42.478303+00:00,2026-09-26T04:06:52.478303+00:00,200.09019367963856,0.0999950992901742,0.0,99.9000999000999,100.0,"{""14"":100.0,""15"":99.9000999000999}",99.89510419088403,99.9950992901742,"{""0"":99.9950992901742,""1"":99.89510419088403}","{""0"":[15],""1"":[14]}",309.17321483912144,313.9727990280858,38.64665185489018,39.24659987851072,"[154.38662474502053,154.7865900941009]","[156.38645149042233,157.5863475376634]","{""0"":16698.5,""1"":16785.3}",6309.934,"[6309.934,6280.466]","[3831.6932613767704,3812.7287599030105]"
12,False,1,initial,/tmp/dmesh-grpc-host-dpa-scale-20260926,2,2,4,256,38690.5,386905,True,True,[],[],2026-09-26T04:07:03.401870+00:00,2026-09-26T04:07:13.401870+00:00,199.88166683492057,0.0,0.0,100.0,100.0,"{""14"":100.0,""15"":100.0}",99.99082883187623,99.99082883187623,"{""0"":99.99082883187623,""1"":99.99082883187623}","{""0"":[15],""1"":[14]}",327.2616597931004,333.6609100915295,40.90770747413755,41.70761376144119,"[164.0807771831585,163.1808826099419]","[166.68047261689532,166.9804374746342]","{""0"":19291.1,""1"":19399.4}",11428.415,"[11428.415,11183.349]","[6634.994587669962,6595.221573682691]"
13,False,2,initial,/tmp/dmesh-grpc-host-dpa-scale-20260926,2,2,4,256,38638.7,386387,True,True,[],[],2026-09-26T04:07:19.614545+00:00,2026-09-26T04:07:29.614545+00:00,200.00305458679048,0.0,0.0,100.0,100.0,"{""14"":100.0,""15"":100.0}",99.90152576610184,100.00152729339524,"{""0"":99.90152576610184,""1"":100.00152729339524}","{""0"":[15],""1"":[14]}",328.304242181743,333.40430808222095,41.038030272717876,41.67553851027762,"[164.60212690561957,163.70211527612346]","[166.70215404111048,166.70215404111048]","{""0"":19304.6,""1"":19334.1}",11179.383,"[11179.383,11077.462]","[6632.492348580131,6626.008046058519]"
14,False,3,initial,/tmp/dmesh-grpc-host-dpa-scale-20260926,2,2,4,256,38674.8,386748,True,True,[],[],2026-09-26T04:07:35.851072+00:00,2026-09-26T04:07:45.851072+00:00,200.0886820640658,0.0,0.0,100.0,100.0,"{""14"":100.0,""15"":100.0}",99.99434386010286,99.99434386010286,"{""0"":99.99434386010286,""1"":99.99434386010286}","{""0"":[15],""1"":[14]}",327.5776698479055,333.17728813590384,40.94720873098819,41.64716101698798,"[163.6888417402385,163.888828107667]","[165.88869178195213,167.28859635395173]","{""0"":19277.8,""1"":19397}",12131.176,"[12131.176,11163.02]","[6639.304385894656,6598.349854554828]"
15,False,1,initial,/tmp/dmesh-grpc-host-dpa-scale-20260926,2,4,8,512,42092.0,420920,True,True,[],[],2026-09-26T04:07:58.174299+00:00,2026-09-26T04:08:08.174299+00:00,199.98566794707762,0.0,0.0,100.0,100.0,"{""14"":100.0,""15"":100.0}",99.99283397353881,99.99283397353881,"{""0"":99.99283397353881,""1"":99.99283397353881}","{""0"":[15],""1"":[14]}",268.1853323829091,271.28516284669365,33.52316654786364,33.91064535583671,"[133.99267166036472,134.19266072254436]","[134.49264431581383,136.7925185308798]","{""0"":21037.7,""1"":21054.3}",15828.126,"[15828.126,15680.294]","[12169.838914448821,12159.302640586484]"
16,False,2,initial,/tmp/dmesh-grpc-host-dpa-scale-20260926,2,4,8,512,42023.899999999994,420239,True,True,[],[],2026-09-26T04:08:15.106625+00:00,2026-09-26T04:08:25.106625+00:00,199.9937000783025,0.09999685003915125,0.0,100.0,100.0,"{""14"":100.0,""15"":100.0}",99.89685318911211,99.99685003915125,"{""0"":99.99685003915125,""1"":99.89685318911211}","{""0"":[15],""1"":[14]}",268.6071763784787,270.8072351574536,33.57589704730984,33.8509043946817,"[133.70357215860983,134.90360421986887]","[134.50359353278253,136.30364162467106]","{""0"":20974.1,""1"":21049.8}",15917.549,"[15917.549,15906.828]","[12206.215098554885,12158.17403440888]"
17,False,3,initial,/tmp/dmesh-grpc-host-dpa-scale-20260926,2,4,8,512,41861.8,418618,True,True,[],[],2026-09-26T04:08:32.041128+00:00,2026-09-26T04:08:42.041128+00:00,199.99310145667303,0.0999965507283365,0.0,100.0,100.0,"{""14"":100.0,""15"":100.0}",99.89655417760817,99.99655072833652,"{""0"":99.99655072833652,""1"":99.89655417760817}","{""0"":[15],""1"":[14]}",268.4868642785997,271.18673218754645,33.56085803482496,33.89834152344331,"[133.6934590467366,134.79340523186306]","[134.89340033960184,136.29333184794464]","{""0"":21029.7,""1"":20832.1}",16022.55,"[15768.376,16022.55]","[12177.025573141795,12287.850838244824]"
18,False,1,initial,/tmp/dmesh-grpc-host-dpa-scale-20260926,4,1,4,256,59781.5,597815,True,True,[],[],2026-09-26T04:08:57.828657+00:00,2026-09-26T04:09:07.828657+00:00,399.98623799385035,0.09999655949846258,0.0,100.0,100.0,"{""12"":100.0,""13"":100.0,""14"":100.0,""15"":100.0}",99.89656293896412,100.09655605796104,"{""0"":100.09655605796104,""1"":99.99655949846259,""2"":99.99655949846259,""3"":99.89656293896412}","{""0"":[15],""1"":[14],""2"":[13],""3"":[12]}",543.466434207201,537.3668109345903,67.93330427590013,67.17085136682378,"[134.79167494228278,136.99153907338828,136.6915576009648,134.9916625905651]","[133.49175522844772,135.09165641470625,134.69168111814162,134.09171817329468]","{""0"":14830,""1"":14996,""2"":15077.2,""3"":14878.3}",7911.615,"[7782.906,7911.615,7846.849,7841.722]","[4315.888039919083,4267.847501380368,4245.113997134746,4301.31311260023]"
19,False,2,initial,/tmp/dmesh-grpc-host-dpa-scale-20260926,4,1,4,256,60106.6,601066,True,True,[],[],2026-09-26T04:09:13.774913+00:00,2026-09-26T04:09:23.774913+00:00,399.9654773804547,0.09999136934511367,0.0,99.9000999000999,100.0,"{""12"":99.9000999000999,""13"":100.0,""14"":100.0,""15"":100.0}",99.89137797576855,100.09136071445877,"{""0"":99.89137797576855,""1"":99.99136934511367,""2"":100.09136071445877,""3"":99.99136934511367}","{""0"":[15],""1"":[14],""2"":[13],""3"":[12]}",546.4261364354059,540.6258589988662,68.30326705442573,67.57823237485827,"[135.70649105835392,136.30651975868562,136.80654367562872,137.60658194273765]","[134.60643844107915,134.70644322446776,134.70644322446776,136.6065341088515]","{""0"":15007.7,""1"":14977.3,""2"":15036.6,""3"":15085}",7846.965,"[7680.768,7838.745,7846.965,7744.228]","[4264.562447923399,4273.352655872553,4256.200423207374,4241.05379269473]"
20,False,3,initial,/tmp/dmesh-grpc-host-dpa-scale-20260926,4,1,4,256,60210.1,602101,True,True,[],[],2026-09-26T04:09:29.725261+00:00,2026-09-26T04:09:39.725261+00:00,399.9143642884483,0.1000035919701046,0.0,100.0,100.0,"{""12"":100.0,""13"":100.0,""14"":100.0,""15"":100.0}",100.00359197010461,100.1035955620747,"{""0"":100.00359197010461,""1"":100.1035955620747,""2"":100.00359197010461,""3"":100.00359197010461}","{""0"":[15],""1"":[14],""2"":[13],""3"":[12]}",547.2021118149079,540.3020851856628,68.40026397686349,67.53776064820785,"[136.5005267959337,136.20052563814045,137.70053142710674,136.80052795372697]","[134.70051984917413,134.70051984917413,135.700523708485,135.20052177882957]","{""0"":15071.8,""1"":14993.5,""2"":15107.4,""3"":15037.4}",7911.645,"[7849.457,7701.363,7911.645,7726.246]","[4246.373617384785,4267.171774068764,4236.33593193402,4256.056834426164]"
21,False,1,initial,/tmp/dmesh-grpc-host-dpa-scale-20260926,4,2,8,512,76266.20000000001,762662,True,True,[],[],2026-09-26T04:09:51.456532+00:00,2026-09-26T04:10:01.456532+00:00,399.81931487675354,0.0,0.0,100.0,100.0,"{""12"":100.0,""13"":100.0,""14"":100.0,""15"":100.0}",99.92982125641151,100.02985110751904,"{""0"":100.02985110751904,""1"":100.02985110751904,""2"":99.92982125641151,""3"":99.92982125641151}","{""0"":[15],""1"":[14],""2"":[13],""3"":[12]}",507.74136586006307,505.44072531341584,63.467670732507884,63.18009066417698,"[126.43520221574462,127.03536931487,126.83531361516154,127.43548071428691]","[125.9350629664735,126.43520221574462,126.23514651603618,126.83531361516154]","{""0"":18990.4,""1"":19049,""2"":19085.4,""3"":19141.4}",12464.482,"[12464.482,12368.435,12447.718,11884.854]","[6743.643847928427,6720.9285075857,6706.772329052574,6685.729796430773]"
22,False,2,initial,/tmp/dmesh-grpc-host-dpa-scale-20260926,4,2,8,512,76101.4,761014,True,True,[],[],2026-09-26T04:10:07.780102+00:00,2026-09-26T04:10:17.780102+00:00,399.9083906773104,0.20000419638775216,0.0,99.9,100.0,"{""12"":100.0,""13"":99.9,""14"":100.0,""15"":100.0}",99.9020960956822,100.00209819387608,"{""0"":99.9020960956822,""1"":100.00209819387608,""2"":99.9020960956822,""3"":100.00209819387608}","{""0"":[15],""1"":[14],""2"":[13],""3"":[12]}",504.59442776653617,504.99442334938715,63.07430347081702,63.12430291867339,"[125.49861411950117,126.99859755519242,125.59861301521391,126.49860307662867]","[125.89860970235216,127.19859534661792,125.89860970235216,125.99860859806492]","{""0"":18967.8,""1"":19186.1,""2"":18972.1,""3"":18975.4}",12431.213,"[12389.983,12231.283,12431.213,12164.839]","[6748.746981252439,6674.409605688493,6745.406509332124,6744.246897799257]"
23,False,3,initial,/tmp/dmesh-grpc-host-dpa-scale-20260926,4,2,8,512,76277.1,762771,True,True,[],[],2026-09-26T04:10:24.130306+00:00,2026-09-26T04:10:34.130306+00:00,399.9576372537682,0.10001441291667122,0.0,100.0,100.0,"{""12"":100.0,""13"":100.0,""14"":100.0,""15"":100.0}",100.01441291667123,100.01441291667123,"{""0"":100.01441291667123,""1"":100.01441291667123,""2"":100.01441291667123,""3"":100.01441291667123}","{""0"":[15],""1"":[14],""2"":[13],""3"":[12]}",506.4270068377636,504.62691084189476,63.30337585472045,63.078363855236844,"[126.90676770875237,125.90671437771414,127.00677304185619,126.6067517094409]","[126.40674104323325,126.30673571012943,126.20673037702561,125.70670371150649]","{""0"":19065.7,""1"":19147.9,""2"":19111.2,""3"":18952.3}",12733.557,"[12302.155,12733.557,12434.681,12553.273]","[6715.809457864122,6683.362017270823,6697.213479954163,6754.53582984651]"
24,False,1,initial,/tmp/dmesh-grpc-host-dpa-scale-20260926,4,4,16,1024,80849.5,808495,True,True,[],[],2026-09-26T04:10:47.100328+00:00,2026-09-26T04:10:57.100328+00:00,399.9838696499034,0.09999596741247585,0.0,100.0,100.0,"{""12"":100.0,""13"":100.0,""14"":100.0,""15"":100.0}",99.99596741247585,100.09596337988833,"{""0"":99.99596741247585,""1"":100.09596337988833,""2"":100.09596337988833,""3"":99.99596741247585}","{""0"":[15],""1"":[14],""2"":[13],""3"":[12]}",497.65360051640164,493.2540107187883,62.206700064550205,61.65675133984854,"[123.08852365595548,124.18842110535883,124.88835584588821,125.48829990919913]","[121.88863552933365,124.18842110535883,122.88854230151851,124.28841178257731]","{""0"":20140.5,""1"":20319.3,""2"":20170.9,""3"":20218.8}",17936.288,"[17669.929,17582.13,17936.288,17631.182]","[12710.305444393138,12597.663590738854,12688.458627711208,12664.14957181435]"
25,False,2,initial,/tmp/dmesh-grpc-host-dpa-scale-20260926,4,4,16,1024,81045.8,810458,True,True,[],[],2026-09-26T04:11:04.144297+00:00,2026-09-26T04:11:14.144297+00:00,399.9852523429793,0.09999631308574483,0.0,100.0,100.0,"{""12"":100.0,""13"":100.0,""14"":100.0,""15"":100.0}",99.99631308574483,100.09630939883057,"{""0"":99.99631308574483,""1"":100.09630939883057,""2"":99.99631308574483,""3"":99.99631308574483}","{""0"":[15],""1"":[14],""2"":[13],""3"":[12]}",500.98661253846757,495.7867514901641,62.623326567308446,61.97334393627051,"[124.69666783143094,125.69664110995085,125.79663843780283,124.79666515928294]","[123.69669455291105,124.296678520023,124.296678520023,123.49669989720707]","{""0"":20170.7,""1"":20359.4,""2"":20272.1,""3"":20243.6}",17841.469,"[17841.469,17561.233,17624.91,17816.166]","[12692.478685712444,12583.396189823867,12626.321074013053,12651.856044463435]"
26,False,3,initial,/tmp/dmesh-grpc-host-dpa-scale-20260926,4,4,16,1024,80864.2,808642,True,True,[],[],2026-09-26T04:11:21.158736+00:00,2026-09-26T04:11:31.158736+00:00,399.9169867127617,0.10000424774012547,0.0,100.0,100.0,"{""12"":100.0,""13"":100.0,""14"":100.0,""15"":100.0}",99.90424349238533,100.10425198786558,"{""0"":100.10425198786558,""1"":100.00424774012546,""2"":100.00424774012546,""3"":99.90424349238533}","{""0"":[15],""1"":[14],""2"":[13],""3"":[12]}",497.70022575715086,493.30022376130705,62.21252821964386,61.66252797016338,"[124.00005624650736,125.00005670010822,124.10005629186743,124.60005651866787]","[122.50005556610606,124.80005660938804,122.50005556610606,123.50005601970692]","{""0"":20160.1,""1"":20254.1,""2"":20310.6,""3"":20139.4}",17758.251,"[17758.251,17733.705,17261.57,17474.03]","[12697.926860977872,12636.80122226611,12609.304852805924,12713.44425186947]"
27,False,1,initial,/tmp/dmesh-grpc-host-dpa-scale-20260926,8,1,8,512,90731.1,907311,True,True,[],[],2026-09-26T04:11:47.957978+00:00,2026-09-26T04:11:57.957978+00:00,799.8768806817085,0.1999942194478581,0.0,99.9,100.0,"{""8"":99.9,""9"":100.0,""10"":100.0,""11"":100.0,""12"":100.0,""13"":100.0,""14"":100.0,""15"":100.0}",99.89711261420513,100.09710683365299,"{""0"":99.89711261420513,""1"":99.99710972392906,""2"":100.09710683365299,""3"":100.09710683365299,""4"":99.99710972392906,""5"":100.09710683365299,""6"":99.99710972392906,""7"":99.99710972392906}","{""0"":[15],""1"":[14],""2"":[13],""3"":[12],""4"":[11],""5"":[10],""6"":[9],""7"":[8]}",699.0501653774378,697.4500505496783,87.38127067217972,87.18125631870979,"[87.40627246636348,86.60621505248372,88.00631552677329,88.50635141044813,87.10625093615856,87.40627246636348,86.3061935222788,87.70629399656838]","[87.10625093615856,86.0061719920739,87.70629399656838,87.50627964309844,87.20625811289354,87.50627964309844,86.80622940595366,87.60628681983341]","{""0"":11328.8,""1"":11228.1,""2"":11443.8,""3"":11458.9,""4"":11326.7,""5"":11412.9,""6"":11248.4,""7"":11283.5}",12299.67,"[12234.706,12278.241,11674.009,11695.159,11724.538,12196.712,12299.67,11836.629]","[5649.110928112421,5697.737427204959,5592.313038588581,5584.131607641222,5650.99311083546,5607.768477687529,5688.418491340991,5673.653283147959]"
28,False,2,initial,/tmp/dmesh-grpc-host-dpa-scale-20260926,8,1,8,512,91314.9,913149,True,True,[],[],2026-09-26T04:12:04.208796+00:00,2026-09-26T04:12:14.208796+00:00,799.9739242254687,0.200018483366788,0.0,100.0,100.0,"{""8"":100.0,""9"":100.0,""10"":100.0,""11"":100.0,""12"":100.0,""13"":100.0,""14"":100.0,""15"":100.0}",100.00924168339401,100.1092509250774,"{""0"":100.1092509250774,""1"":100.00924168339401,""2"":100.00924168339401,""3"":100.00924168339401,""4"":100.00924168339401,""5"":100.1092509250774,""6"":100.00924168339401,""7"":100.00924168339401}","{""0"":[15],""1"":[14],""2"":[13],""3"":[12],""4"":[11],""5"":[10],""6"":[9],""7"":[8]}",698.9598306766247,698.1597621910885,87.36997883457809,87.26997027388606,"[87.30747348414556,86.70742211999337,86.8074306806854,86.70742211999337,87.90752484829777,87.1074563627615,87.90752484829777,88.50757621244998]","[87.60749916622167,86.90743924137743,87.60749916622167,86.60741355930134,87.50749060552964,86.70742211999337,87.50749060552964,87.7075077269137]","{""0"":11454.9,""1"":11421.2,""2"":11374.5,""3"":11380.7,""4"":11405.6,""5"":11369.7,""6"":11397.3,""7"":11511}",12500.329,"[11953.09,11979.034,11514.945,12022.237,11665.34,12500.329,11861.28,12065.024]","[5586.084545172807,5604.12546598431,5626.34021961405,5621.434126855114,5610.457355448201,5629.969460706967,5615.337838347679,5560.850979480497]"
29,False,3,initial,/tmp/dmesh-grpc-host-dpa-scale-20260926,8,1,8,512,91107.8,911078,True,True,[],[],2026-09-26T04:12:20.488481+00:00,2026-09-26T04:12:30.488481+00:00,799.9320046838865,0.09997900321008456,0.0,100.0,100.0,"{""8"":100.0,""9"":100.0,""10"":100.0,""11"":100.0,""12"":100.0,""13"":100.0,""14"":100.0,""15"":100.0}",99.87902420687446,100.07898221329464,"{""0"":100.07898221329464,""1"":99.97900321008456,""2"":99.97900321008456,""3"":100.07898221329464,""4"":100.07898221329464,""5"":99.97900321008456,""6"":99.97900321008456,""7"":99.87902420687446}","{""0"":[15],""1"":[14],""2"":[13],""3"":[12],""4"":[11],""5"":[10],""6"":[9],""7"":[8]}",699.5971697129863,699.2972566650957,87.44964621412329,87.41215708313696,"[86.37495779251503,88.07446506389554,87.97449404793198,87.97449404793198,87.87452303196842,86.57489982444216,87.17472592022351,87.57460998407774]","[86.67487084040572,87.37466795215063,87.17472592022351,87.87452303196842,87.97449404793198,86.37495779251503,88.07446506389554,87.77455201600486]","{""0"":11280.6,""1"":11447.4,""2"":11421.3,""3"":11446.9,""4"":11454.9,""5"":11276.5,""6"":11360,""7"":11420.2}",12406.651,"[12144.375,12406.651,11897.947,11890.055,11714.657,12209.652,12148.769,12067.217]","[5671.680735537117,5589.175828729668,5606.220461164667,5589.693950632923,5586.869478354241,5677.684119682525,5630.914574524648,5601.828365466454]"
30,False,1,initial,/tmp/dmesh-grpc-host-dpa-scale-20260926,8,4,32,2048,140389.6,1403896,True,True,[],[],2026-09-26T04:13:07.012251+00:00,2026-09-26T04:13:17.012251+00:00,800.0303031489735,0.19993260106184518,0.0,100.0,100.0,"{""8"":100.0,""9"":100.0,""10"":100.0,""11"":100.0,""12"":100.0,""13"":100.0,""14"":100.0,""15"":100.0}",99.86633423039167,99.9663005309226,"{""0"":99.86633423039167,""1"":99.9663005309226,""2"":99.9663005309226,""3"":99.9663005309226,""4"":99.9663005309226,""5"":99.86633423039167,""6"":99.9663005309226,""7"":99.9663005309226}","{""0"":[15],""1"":[14],""2"":[13],""3"":[12],""4"":[11],""5"":[10],""6"":[9],""7"":[8]}",718.8832109908578,704.2876124920864,89.86040137385723,88.0359515615108,"[89.67295789998602,90.27277701637388,90.27277701637388,88.97316893086683,89.67295789998602,90.4727167218365,89.37304834179209,90.17280716364257]","[88.37334981447897,88.47331966721029,87.77353069809111,87.37365128716586,87.97347040355373,87.87350055082241,88.6732593726729,87.77353069809111]","{""0"":17437.8,""1"":17535,""2"":17557.7,""3"":17543.5,""4"":17409,""5"":17679.8,""6"":17526.7,""7"":17700.1}",26711.925,"[26711.925,25663.731,25714.933,26148.266,25999.983,24706.362,26178.679,25208.458]","[14686.159694485543,14598.939441459937,14578.264619767966,14592.19062725226,14707.887531535413,14464.010167202117,14597.488409267005,14467.296248863]"
31,False,2,initial,/tmp/dmesh-grpc-host-dpa-scale-20260926,8,4,32,2048,140521.7,1405217,True,True,[],[],2026-09-26T04:13:24.459584+00:00,2026-09-26T04:13:34.459584+00:00,800.0707838402822,0.09998385201703101,0.0,100.0,100.0,"{""8"":100.0,""9"":100.0,""10"":100.0,""11"":100.0,""12"":100.0,""13"":100.0,""14"":100.0,""15"":100.0}",99.88386816501398,100.08383586904804,"{""0"":99.98385201703101,""1"":100.08383586904804,""2"":99.88386816501398,""3"":99.98385201703101,""4"":100.08383586904804,""5"":99.98385201703101,""6"":99.98385201703101,""7"":99.98385201703101}","{""0"":[15],""1"":[14],""2"":[13],""3"":[12],""4"":[11],""5"":[10],""6"":[9],""7"":[8]}",718.9983046075026,705.698335968727,89.87478807593783,88.21229199609087,"[89.49978896018288,89.79978825278684,89.89978801698817,90.39978683799477,90.19978730959212,89.79978825278684,89.79978825278684,89.5997887243842]","[88.09979226136437,87.79979296876041,87.39979391195513,87.89979273296173,88.59979108237098,88.6997908465723,88.79979061077363,88.39979155396834]","{""0"":17482.7,""1"":17574.1,""2"":17484.8,""3"":17612.2,""4"":17687.7,""5"":17625.3,""6"":17495.2,""7"":17559.7}",25930.451,"[25537.069,24546.249,25271.721,25218.653,25310.255,25660.551,25879.646,25930.451]","[14639.639041767005,14566.762877723468,14637.00078246248,14522.403705715356,14473.406276152355,14532.016912761768,14631.639323351546,14577.96877120338]"
32,False,3,initial,/tmp/dmesh-grpc-host-dpa-scale-20260926,8,4,32,2048,140072.9,1400729,True,True,[],[],2026-09-26T04:13:41.892726+00:00,2026-09-26T04:13:51.892726+00:00,799.7925567330177,0.09999906935896695,0.09999906935896695,99.9001996007984,100.0,"{""8"":100.0,""9"":99.9001996007984,""10"":100.0,""11"":100.0,""12"":100.0,""13"":100.0,""14"":100.0,""15"":100.0}",99.89907028960799,100.09906842832592,"{""0"":99.99906935896695,""1"":99.99906935896695,""2"":100.09906842832592,""3"":99.89907028960799,""4"":99.89907028960799,""5"":100.09906842832592,""6"":99.99906935896695,""7"":99.99906935896695}","{""0"":[15],""1"":[14],""2"":[13],""3"":[12],""4"":[11],""5"":[10],""6"":[9],""7"":[8]}",718.3665772763603,704.3672286100615,89.79582215954504,88.04590357625769,"[88.99585937861369,90.39579424524356,88.99585937861369,89.49583611669578,90.19580355001072,91.39574772140776,89.39584076907936,89.49583611669578]","[87.49592916436738,87.5959245119838,87.69591985960022,86.99595242628529,88.69587333576442,88.39588729291516,88.69587333576442,88.79586868338085]","{""0"":17321.7,""1"":17463.5,""2"":17338.7,""3"":17491.2,""4"":17564.6,""5"":17739.6,""6"":17545,""7"":17608.6}",26092.122,"[25830.863,25750.338,26092.122,25529.397,24920.501,24230.323,25424.85,26037.491]","[14780.015666926456,14660.908201116614,14762.720609255595,14643.864791575192,14574.207071063389,14431.458133216081,14591.197603243088,14539.64975569324]"
33,False,1,fresh_retry,/tmp/dmesh-grpc-host-dpa-scale-20260926/retry-w8-k2,8,2,16,1024,121146.1,1211461,True,True,[],[],2026-09-26T04:18:03.649611+00:00,2026-09-26T04:18:13.649611+00:00,799.9979456008084,0.0,0.0,100.0,100.0,"{""8"":100.0,""9"":100.0,""10"":100.0,""11"":100.0,""12"":100.0,""13"":100.0,""14"":100.0,""15"":100.0}",99.89974345690095,99.99974320010105,"{""0"":99.99974320010105,""1"":99.99974320010105,""2"":99.89974345690095,""3"":99.89974345690095,""4"":99.89974345690095,""5"":99.89974345690095,""6"":99.99974320010105,""7"":99.99974320010105}","{""0"":[15],""1"":[14],""2"":[13],""3"":[12],""4"":[11],""5"":[10],""6"":[9],""7"":[8]}",713.221189413308,706.1219738730942,89.1526486766635,88.26524673413678,"[88.59021082576628,89.39012243593122,87.99027711814259,88.89017767957813,89.59010033847245,88.6901997770369,90.09004509482553,89.99005614355491]","[87.69031026433073,88.49022187449566,87.89028816687197,88.19025502068382,88.29024397195442,87.69031026433073,88.59021082576628,89.2901334846606]","{""0"":15009.7,""1"":15158.5,""2"":15040.8,""3"":15071.1,""4"":15086.6,""5"":15223.9,""6"":15272.6,""7"":15282.9}",18114.777,"[17029.844,17475.978,16973.48,17580.001,17009.745,18114.777,17317.687,17074.732]","[8524.766102600319,8446.68180466405,8510.320709649754,8490.986364989947,8485.136788825845,8408.355156168918,8379.85807323573,8370.803847614]"
