run_index,diagnostic,repeat,W,K,connections_total,concurrency_total,qps,completed,payload_validation_passed,metrics_validation_passed,validation_issues,metrics_issues,measurement_start,measurement_end,proxy_cpu_pct,controller_cpu_pct,controller_children_cpu_pct,per_core_busy_min_pct,per_core_busy_max_pct,per_core_busy_pct,named_shard_cpu_min_pct,named_shard_cpu_max_pct,named_shard_cpu_pct,named_shard_affinity,host_client_cpu_total_pct,host_server_cpu_total_pct,host_client_8core_occupancy_pct,host_server_8core_occupancy_pct,host_client_cpu_pct,host_server_cpu_pct,worker_qps,latency_p99_max_across_workers_us_NOT_global_p99,worker_latency_p99_us,worker_latency_mean_us
0,False,1,1,1,1,64,12794.2,127942,True,True,[],[],2026-09-26T01:26:25.063953+00:00,2026-09-26T01:26:35.063953+00:00,100.00537125837276,,,100.0,100.0,"{""15"":100.0}",99.9053658871144,99.9053658871144,"{""0"":99.9053658871144}","{""0"":[15]}",125.69332338467171,125.09335525395728,15.711665423083964,15.63666940674466,[125.69332338467171],[125.09335525395728],"{""0"":12794.2}",6751.355,[6751.355],[5001.456135233153]
1,False,2,1,1,1,64,12765.8,127658,True,True,[],[],2026-09-26T01:26:40.290922+00:00,2026-09-26T01:26:50.290922+00:00,100.00631626890502,,,100.0,100.0,"{""15"":100.0}",100.00631626890502,100.00631626890502,"{""0"":100.00631626890502}","{""0"":[15]}",125.20619743037979,125.10619248035552,15.650774678797474,15.63827406004444,[125.20619743037979],[125.10619248035552],"{""0"":12765.8}",6768.408,[6768.408],[5012.528821436964]
2,False,3,1,1,1,64,12651.3,126513,True,True,[],[],2026-09-26T01:26:55.513640+00:00,2026-09-26T01:27:05.513640+00:00,99.90258205248496,,,100.0,100.0,"{""15"":100.0}",100.00258463712208,100.00258463712208,"{""0"":100.00258463712208}","{""0"":[15]}",125.10038644808513,123.90038274114906,15.637548306010641,15.487547842643632,[125.10038644808513],[123.90038274114906],"{""0"":12651.3}",6804.449,[6804.449],[5057.1683895489]
3,False,1,1,2,2,128,16941.6,169416,True,True,[],[],2026-09-26T01:27:14.371168+00:00,2026-09-26T01:27:24.371168+00:00,100.0972457339775,,,100.0,100.0,"{""15"":100.0}",99.89725123700651,99.89725123700651,"{""0"":99.89725123700651}","{""0"":[15]}",141.48958243309445,148.48906707642774,17.686197804136807,18.561133384553468,[141.48958243309445],[148.48906707642774],"{""0"":16941.6}",10350.713,[10350.713],[7555.569923985929]
4,False,2,1,2,2,128,16845.7,168457,True,True,[],[],2026-09-26T01:27:29.804168+00:00,2026-09-26T01:27:39.804168+00:00,100.10403345179526,,,100.0,100.0,"{""15"":100.0}",100.00402942237288,100.00402942237288,"{""0"":100.00402942237288}","{""0"":[15]}",141.09970747130453,147.69969378817632,17.637463433913066,18.46246172352204,[141.09970747130453],[147.69969378817632],"{""0"":16845.7}",10285.823,[10285.823],[7597.993464041268]
5,False,3,1,2,2,128,16863.3,168633,True,True,[],[],2026-09-26T01:27:45.247153+00:00,2026-09-26T01:27:55.247153+00:00,99.90314745925214,,,100.0,100.0,"{""15"":100.0}",100.00315060986199,100.00315060986199,"{""0"":100.00315060986199}","{""0"":[15]}",140.09916912731452,148.09912168276432,17.512396140914316,18.51239021034554,[140.09916912731452],[148.09912168276432],"{""0"":16863.3}",10402.525,[10402.525],[7589.576106058719]
6,False,1,1,4,4,256,19315.7,193157,True,True,[],[],2026-09-26T01:29:39.978125+00:00,2026-09-26T01:29:49.978125+00:00,99.99825617079848,,,100.0,100.0,"{""15"":100.0}",99.99825617079848,99.99825617079848,"{""0"":99.99825617079848}","{""0"":[15]}",149.9952871331464,162.59489125233068,18.7494108916433,20.324361406541335,[149.9952871331464],[162.59489125233068],"{""0"":19315.7}",17341.491,[17341.491],[13254.505236677935]
7,False,2,1,4,4,256,19312.8,193128,True,True,[],[],2026-09-26T01:29:55.778249+00:00,2026-09-26T01:30:05.778249+00:00,99.9060205466313,,,100.0,100.0,"{""15"":100.0}",99.9060205466313,99.9060205466313,"{""0"":99.9060205466313}","{""0"":[15]}",150.7023988811567,163.3025994511804,18.83779986014459,20.41282493139755,[150.7023988811567],[163.3025994511804],"{""0"":19312.8}",17187.13,[17187.13],[13249.084504872417]
8,False,3,1,4,4,256,19372.7,193727,True,True,[],[],2026-09-26T01:30:11.598859+00:00,2026-09-26T01:30:21.598859+00:00,100.00515088542964,,,100.0,100.0,"{""15"":100.0}",99.9051457345442,99.9051457345442,"{""0"":99.9051457345442}","{""0"":[15]}",150.69539655741045,161.49506664911604,18.836924569676306,20.186883331139505,[150.69539655741045],[161.49506664911604],"{""0"":19372.7}",17106.978,[17106.978],[13216.68271785554]
9,True,profile,1,4,4,256,18951.3,189513,True,True,[],[],2026-09-26T01:30:27.435122+00:00,2026-09-26T01:30:37.435122+00:00,99.99921802577173,,,100.0,100.0,"{""15"":100.0}",99.99921802577173,99.99921802577173,"{""0"":99.99921802577173}","{""0"":[15]}",148.7999782306919,160.199976562882,18.599997278836486,20.02499707036025,[148.7999782306919],[160.199976562882],"{""0"":18951.3}",17609.543,[17609.543],[13506.050279067926]
10,False,1,2,1,2,128,27521.1,275211,True,True,[],[],2026-09-26T01:30:51.068629+00:00,2026-09-26T01:31:01.068629+00:00,199.9145943861957,,,100.0,100.0,"{""14"":100.0,""15"":100.0}",100.0073008435196,100.0073008435196,"{""0"":100.0073008435196,""1"":100.0073008435196}","{""0"":[15],""1"":[14]}",262.20891499700065,261.20888099624926,32.77611437462508,32.65111012453116,"[131.604474498876,130.60444049812463]","[131.10445749850032,130.10442349774897]","{""0"":13780.5,""1"":13740.6}",6715.524,"[6715.524,6671.576]","[4643.4914336417405,4658.147622418235]"
11,False,2,2,1,2,128,27684.3,276843,True,True,[],[],2026-09-26T01:31:06.321347+00:00,2026-09-26T01:31:16.321347+00:00,200.00915951830964,,,100.0,100.0,"{""14"":100.0,""15"":100.0}",99.90457517939566,100.10458433891398,"{""0"":100.10458433891398,""1"":99.90457517939566}","{""0"":[15],""1"":[14]}",262.49972723656504,262.2997274443848,32.81246590457063,32.7874659305481,"[132.19986263113867,130.2998646054264]","[132.19986263113867,130.09986481324614]","{""0"":13918.5,""1"":13765.8}",6764.776,"[6745.05,6764.776]","[4597.213844408521,4648.206114196051]"
12,False,3,2,1,2,128,27507.6,275076,True,True,[],[],2026-09-26T01:31:21.575703+00:00,2026-09-26T01:31:31.575703+00:00,199.91236293996963,,,99.9000999000999,100.0,"{""14"":99.9000999000999,""15"":100.0}",99.90617837770368,100.1061907468282,"{""0"":100.1061907468282,""1"":99.90617837770368}","{""0"":[15],""1"":[14]}",261.29545249065006,260.6954629326922,32.66193156133126,32.58693286658652,"[131.39771319277236,129.8977392978777]","[130.39773059617593,130.29773233651628]","{""0"":13755.1,""1"":13752.5}",6698.035,"[6636.84,6698.035]","[4651.512795108723,4654.3478246864215]"
13,False,1,2,2,4,256,35790.399999999994,357904,True,True,[],[],2026-09-26T01:31:40.887631+00:00,2026-09-26T01:31:50.887631+00:00,200.00268611706414,,,100.0,100.0,"{""14"":100.0,""15"":100.0}",100.00134305853207,100.00134305853207,"{""0"":100.00134305853207,""1"":100.00134305853207}","{""0"":[15],""1"":[14]}",288.5965055568631,303.6963227221737,36.07456319460789,37.96204034027171,"[143.8982576217346,144.6982479351285]","[151.79816196649972,151.89816075567396]","{""0"":17913.8,""1"":17876.6}",10217.865,"[10217.865,10208.779]","[7144.403380349228,7159.6832622982]"
14,False,2,2,2,4,256,35692.2,356922,True,True,[],[],2026-09-26T01:31:56.346545+00:00,2026-09-26T01:32:06.346545+00:00,199.99617613479725,,,100.0,100.0,"{""14"":100.0,""15"":100.0}",99.99808806739863,99.99808806739863,"{""0"":99.99808806739863,""1"":99.99808806739863}","{""0"":[15],""1"":[14]}",286.68202139943656,301.7810744972095,35.83525267492957,37.722634312151186,"[143.6909887516534,142.99103264778316]","[151.0905247068534,150.69054979035607]","{""0"":17894.8,""1"":17797.4}",10408.655,"[10314.22,10408.655]","[7151.989909403849,7191.326159461494]"
15,False,3,2,2,4,256,35891.5,358915,True,True,[],[],2026-09-26T01:32:11.802447+00:00,2026-09-26T01:32:21.802447+00:00,199.90334214403256,,,100.0,100.0,"{""14"":100.0,""15"":100.0}",100.00167190797026,100.00167190797026,"{""0"":100.00167190797026,""1"":100.00167190797026}","{""0"":[15],""1"":[14]}",288.5288250115733,304.2303936517179,36.06610312644666,38.02879920646474,"[145.11449743216392,143.41432757940942]","[152.51523679121294,151.71515686050495]","{""0"":17972.6,""1"":17918.9}",10149.685,"[10142.828,10149.685]","[7120.661651920145,7143.072682285185]"
16,False,1,2,4,8,512,40281.5,402815,True,True,[],[],2026-09-26T01:32:31.559616+00:00,2026-09-26T01:32:41.559616+00:00,199.91070493903794,,,100.0,100.0,"{""14"":100.0,""15"":100.0}",99.90534979194541,99.90534979194541,"{""0"":99.90534979194541,""1"":99.90534979194541}","{""0"":[15],""1"":[14]}",298.31164731099716,322.01257269239386,37.288955913874645,40.25157158654923,"[149.0058177986543,149.30582951234288]","[161.60630977357408,160.4062629188198]","{""0"":20241.5,""1"":20040}",17099.909,"[17001.161,17099.909]","[12648.645696736901,12782.113525099801]"
17,False,2,2,4,8,512,40211.6,402116,True,True,[],[],2026-09-26T01:32:47.397609+00:00,2026-09-26T01:32:57.397609+00:00,199.99993175968993,,,100.0,100.0,"{""14"":100.0,""15"":100.0}",99.89996591396512,99.99996587984496,"{""0"":99.99996587984496,""1"":99.89996591396512}","{""0"":[15],""1"":[14]}",297.68043170826286,322.1788212845223,37.21005396353286,40.27235266056529,"[150.3901139701805,147.29031773808234]","[161.5893777764705,160.58944350805177]","{""0"":20207.3,""1"":20004.3}",17033.836,"[17033.836,16906.64]","[12672.749215867532,12804.224530875861]"
18,False,3,2,4,8,512,40191.600000000006,401916,True,True,[],[],2026-09-26T01:33:03.257830+00:00,2026-09-26T01:33:13.257830+00:00,199.99249675987494,,,100.0,100.0,"{""14"":100.0,""15"":100.0}",99.99624837993747,99.99624837993747,"{""0"":99.99624837993747,""1"":99.99624837993747}","{""0"":[15],""1"":[14]}",298.09544671180737,321.19509387397693,37.26193083897592,40.149386734247116,"[148.79772717449492,149.29771953731245]","[161.19753777236951,159.99755610160744]","{""0"":20198.9,""1"":19992.7}",17073.059,"[16839.469,17073.059]","[12673.493727628733,12803.548566776873]"
19,False,1,4,1,4,256,55686.7,556867,True,True,[],[],2026-09-26T01:33:27.253893+00:00,2026-09-26T01:33:37.253893+00:00,400.0110686280423,,,100.0,100.0,"{""12"":100.0,""13"":100.0,""14"":100.0,""15"":100.0}",99.90276438985357,100.00276715701058,"{""0"":100.00276715701058,""1"":100.00276715701058,""2"":99.90276438985357,""3"":99.90276438985357}","{""0"":[15],""1"":[14],""2"":[13],""3"":[12]}",505.6486165480168,497.84786653006876,63.2060770685021,62.230983316258595,"[126.4121541370042,126.81219259946307,127.01221183069251,125.41205798085701]","[124.8120002871687,125.51206759647174,125.01201951839813,122.51177912803017]","{""0"":13937.9,""1"":13957.2,""2"":13978.3,""3"":13813.3}",7833.624,"[7555.504,7778.581,7833.624,7675.178]","[4590.5659230013125,4584.951962492477,4578.506011088616,4631.8509551302]"
20,False,2,4,1,4,256,55958.3,559583,True,True,[],[],2026-09-26T01:33:42.537575+00:00,2026-09-26T01:33:52.537575+00:00,400.0050075839383,,,100.0,100.0,"{""12"":100.0,""13"":100.0,""14"":100.0,""15"":100.0}",99.90125064408859,100.00125189598458,"{""0"":99.90125064408859,""1"":100.00125189598458,""2"":100.00125189598458,""3"":100.00125189598458}","{""0"":[15],""1"":[14],""2"":[13],""3"":[12]}",509.46839991960326,500.66894571098203,63.68354998995041,62.583618213872754,"[128.09205501413382,127.49209222718237,127.0921170358814,126.79213564240568]","[125.69220386632803,125.29222867502706,125.79219766415326,123.89231550547369]","{""0"":14081.1,""1"":13992.7,""2"":13972.4,""3"":13912.1}",7795.976,"[7613.103,7599.995,7695.499,7795.976]","[4544.325754316069,4575.080455659023,4579.537670672182,4599.857950287878]"
21,False,3,4,1,4,256,56010.9,560109,True,True,[],[],2026-09-26T01:33:57.812144+00:00,2026-09-26T01:34:07.812144+00:00,399.98481613481493,,,100.0,100.0,"{""12"":100.0,""13"":100.0,""14"":100.0,""15"":100.0}",99.89620782967002,99.99620403370373,"{""0"":99.99620403370373,""1"":99.99620403370373,""2"":99.89620782967002,""3"":99.89620782967002}","{""0"":[15],""1"":[14],""2"":[13],""3"":[12]}",510.2647719369962,499.3655244078697,63.78309649212453,62.420690550983714,"[127.49119816180094,127.29121196860595,127.49119816180094,127.99116364478839]","[125.09136384346115,123.89144668429127,125.19135694005864,125.19135694005864]","{""0"":13985.1,""1"":13914.4,""2"":14020.8,""3"":14090.6}",7699.346,"[7622.16,7540.092,7699.346,7590.076]","[4577.129878913987,4598.562761556373,4564.677937286032,4541.7239098122145]"
22,False,1,4,2,8,512,70154.7,701547,True,True,[],[],2026-09-26T01:34:17.580059+00:00,2026-09-26T01:34:27.580059+00:00,400.0289681762709,,,100.0,100.0,"{""12"":100.0,""13"":100.0,""14"":100.0,""15"":100.0}",99.90723480202365,100.00724204406772,"{""0"":99.90723480202365,""1"":100.00724204406772,""2"":100.00724204406772,""3"":99.90723480202365}","{""0"":[15],""1"":[14],""2"":[13],""3"":[12]}",525.3419144577654,537.1428559970793,65.66773930722067,67.14285699963492,"[131.31047661965465,131.1104606613612,131.31047661965465,131.61050055709484]","[134.11070003576305,134.61073993149668,134.71074791064342,133.71066811917615]","{""0"":17526.8,""1"":17574.3,""2"":17562,""3"":17491.6}",12032.741,"[11962.741,11441.374,11931.119,12032.741]","[7302.156787468335,7280.209139550367,7286.354912840223,7316.550538767179]"
23,False,2,4,2,8,512,70124.5,701245,True,True,[],[],2026-09-26T01:34:33.065865+00:00,2026-09-26T01:34:43.065865+00:00,399.9169315223918,,,100.0,100.0,"{""12"":100.0,""13"":100.0,""14"":100.0,""15"":100.0}",99.90422970514363,100.10423817302181,"{""0"":100.00423393908272,""1"":100.10423817302181,""2"":99.90422970514363,""3"":100.00423393908272}","{""0"":[15],""1"":[14],""2"":[13],""3"":[12]}",525.0806255754794,538.0801459191878,65.63507819693493,67.26001823989847,"[130.29519236809173,130.69517760943663,132.99509274716962,131.0951628507815]","[133.3950779885145,134.4950374022129,135.6949931262475,134.4950374022129]","{""0"":17501.5,""1"":17541.7,""2"":17607.5,""3"":17473.8}",11999.719,"[11980.514,11999.719,11840.677,11926.549]","[7311.639067628489,7296.9490236123065,7269.66920340196,7322.595620694984]"
24,False,3,4,2,8,512,69839.8,698398,True,True,[],[],2026-09-26T01:34:48.548036+00:00,2026-09-26T01:34:58.548036+00:00,400.01354043365683,,,100.0,100.0,"{""12"":100.0,""13"":100.0,""14"":100.0,""15"":100.0}",99.97839051078651,99.97839051078651,"{""0"":99.97839051078651,""1"":99.97839051078651,""2"":99.97839051078651,""3"":99.97839051078651}","{""0"":[15],""1"":[14],""2"":[13],""3"":[12]}",522.9246601824544,535.225240255593,65.3655825228068,66.90315503194913,"[130.5061544345196,129.70611670618538,131.4061968788956,131.30619216285382]","[133.00627233556403,133.30628648368935,135.70639966869203,133.2062817676476]","{""0"":17403.6,""1"":17526.7,""2"":17491.1,""3"":17418.4}",12254.586,"[11978.003,11569.764,12026.582,12254.586]","[7354.501268588108,7305.406428654567,7316.648860048825,7345.0216817675555]"
25,False,1,4,4,16,1024,78948.8,789488,True,True,[],[],2026-09-26T01:35:08.722941+00:00,2026-09-26T01:35:18.722941+00:00,399.8168190160009,,,100.0,100.0,"{""12"":100.0,""13"":100.0,""14"":100.0,""15"":100.0}",100.00420685742895,100.10421106428637,"{""0"":100.00420685742895,""1"":100.10421106428637,""2"":100.00420685742895,""3"":100.00420685742895}","{""0"":[15],""1"":[14],""2"":[13],""3"":[12]}",448.4655807563871,476.46343195188064,56.05819759454839,59.55792899398508,"[112.29138175906861,111.29145850208671,112.491366410465,112.39137408476681]","[120.29076781492391,118.79088292945104,118.29092130096008,119.09085990654562]","{""0"":19793.5,""1"":19688.9,""2"":19778.1,""3"":19688.3}",17499.657,"[17432.623,17278.293,17499.657,17454.18]","[12935.338959961604,13001.534144441794,12944.84791950693,12996.765762163315]"
26,False,2,4,4,16,1024,79137.3,791373,True,True,[],[],2026-09-26T01:35:24.605594+00:00,2026-09-26T01:35:34.605594+00:00,399.8644385743976,,,100.0,100.0,"{""12"":100.0,""13"":100.0,""14"":100.0,""15"":100.0}",99.89111631303406,100.09109852787496,"{""0"":99.99110742045451,""1"":99.99110742045451,""2"":99.89111631303406,""3"":100.09109852787496}","{""0"":[15],""1"":[14],""2"":[13],""3"":[12]}",451.60625190265176,478.4066229190182,56.45078148783147,59.80082786487728,"[113.5015712819995,112.60155882249467,113.20156712883123,112.30155466932638]","[120.00166126731226,119.50165434536513,119.90165988292283,119.00164742341799]","{""0"":19894.2,""1"":19724.3,""2"":19832.8,""3"":19686}",17551.782,"[17425.158,17377.608,17252.078,17551.782]","[12864.412750660997,12982.713606880852,12906.631553204792,13004.279403637101]"
27,False,3,4,4,16,1024,79040.4,790404,True,True,[],[],2026-09-26T01:35:40.487984+00:00,2026-09-26T01:35:50.487984+00:00,399.8941369880592,,,100.0,100.0,"{""12"":100.0,""13"":100.0,""14"":100.0,""15"":100.0}",99.9735342470148,99.9735342470148,"{""0"":99.9735342470148,""1"":99.9735342470148,""2"":99.9735342470148,""3"":99.9735342470148}","{""0"":[15],""1"":[14],""2"":[13],""3"":[12]}",449.90376952046245,476.90399574196164,56.237971190057806,59.612999467745205,"[113.00094677886698,111.2009316974337,113.20094845458179,112.50094258957995]","[120.80101213174453,117.50098448245018,120.00100542888529,118.60099369888162]","{""0"":19837,""1"":19755.4,""2"":19840,""3"":19608}",17641.393,"[17147.275,17641.393,17174.055,17273.762]","[12904.235050809095,12959.088349104548,12899.520178558467,13055.627262851898]"
28,False,1,8,1,8,512,88956.7,889567,True,True,[],[],2026-09-26T01:36:05.439504+00:00,2026-09-26T01:36:15.439504+00:00,799.9457790110881,,,100.0,100.0,"{""8"":100.0,""9"":100.0,""10"":100.0,""11"":100.0,""12"":100.0,""13"":100.0,""14"":100.0,""15"":100.0}",99.98072478578779,100.08070551057358,"{""0"":99.98072478578779,""1"":99.98072478578779,""2"":100.08070551057358,""3"":100.08070551057358,""4"":100.08070551057358,""5"":99.98072478578779,""6"":99.98072478578779,""7"":99.98072478578779}","{""0"":[15],""1"":[14],""2"":[13],""3"":[12],""4"":[11],""5"":[10],""6"":[9],""7"":[8]}",688.3607245889144,682.0619990044406,86.0450905736143,85.25774987555508,"[85.98260321662548,85.88262344544336,85.98260321662548,86.38252230135397,86.18256275898972,85.28274481835062,85.58268413189698,87.08238069962883]","[85.98260321662548,85.38272458953274,85.18276504716849,85.58268413189698,84.38292687771151,84.68286619125789,85.18276504716849,85.6826639030791]","{""0"":11129.2,""1"":11100.3,""2"":11113.5,""3"":11130,""4"":11093.3,""5"":11046.8,""6"":11140.1,""7"":11203.5}",11907.509,"[11313.293,11268.845,11317.976,11052.471,11675.242,11424.498,11907.509,11438.215]","[5752.266783533408,5765.945203282794,5759.592958042021,5748.44126097035,5769.659200129808,5791.831670538074,5745.647212251237,5711.114243861293]"
29,False,2,8,1,8,512,89010.2,890102,True,True,[],[],2026-09-26T01:36:20.768044+00:00,2026-09-26T01:36:30.768044+00:00,800.0336050946828,,,100.0,100.0,"{""8"":100.0,""9"":100.0,""10"":100.0,""11"":100.0,""12"":100.0,""13"":100.0,""14"":100.0,""15"":100.0}",100.00420063683535,100.10420483747218,"{""0"":100.10420483747218,""1"":100.00420063683535,""2"":100.00420063683535,""3"":100.00420063683535,""4"":100.00420063683535,""5"":100.00420063683535,""6"":100.00420063683535,""7"":100.00420063683535}","{""0"":[15],""1"":[14],""2"":[13],""3"":[12],""4"":[11],""5"":[10],""6"":[9],""7"":[8]}",689.4194023487375,681.216791931936,86.1774252935922,85.152098991492,"[84.626931861148,85.62725020466038,85.22712286725543,87.42782322298268,86.727600382524,87.02769588557773,86.727600382524,86.02737754206534]","[84.22680452374304,84.32683635809428,84.02674085504056,85.32715470160667,85.72728203901163,86.62756854817277,85.72728203901163,85.22712286725543]","{""0"":10942.3,""1"":11081.9,""2"":11057.3,""3"":11096.7,""4"":11218,""5"":11280.4,""6"":11180.5,""7"":11153.1}",11918.767,"[11918.767,11316.94,11771.434,11354.192,10924.914,11269.501,11687.887,11290.034]","[5848.545662538954,5774.721359586352,5785.333644795745,5768.37687626051,5704.168690488501,5672.503436757562,5724.250599123474,5739.843451901265]"
30,False,3,8,1,8,512,88950.2,889502,True,True,[],[],2026-09-26T01:36:36.100359+00:00,2026-09-26T01:36:46.100359+00:00,799.9548587423326,,,100.0,100.0,"{""8"":100.0,""9"":100.0,""10"":100.0,""11"":100.0,""12"":100.0,""13"":100.0,""14"":100.0,""15"":100.0}",99.90685134186651,100.00685820006657,"{""0"":100.00685820006657,""1"":100.00685820006657,""2"":100.00685820006657,""3"":100.00685820006657,""4"":100.00685820006657,""5"":100.00685820006657,""6"":100.00685820006657,""7"":99.90685134186651}","{""0"":[15],""1"":[14],""2"":[13],""3"":[12],""4"":[11],""5"":[10],""6"":[9],""7"":[8]}",689.8030729989497,681.601847540647,86.22538412486871,85.20023094258087,"[85.41276269988445,86.91298686908617,86.11286731217858,86.91298686908617,86.71295697985927,85.7128075337248,85.91283742295168,86.11286731217858]","[85.312747755271,86.21288225679203,84.11256841990962,85.41276269988445,85.41276269988445,85.312747755271,85.01270292143066,84.81267303220376]","{""0"":11060.3,""1"":11101.1,""2"":11048.3,""3"":11117.7,""4"":11152.8,""5"":11186.4,""6"":11117.2,""7"":11166.4}",11604.196,"[11539.321,11418.556,11604.196,11089.294,11319.719,11499.514,11310.889,11575.75]","[5785.3626206612835,5763.923120312401,5791.8431714109865,5757.528074943559,5737.975918047486,5721.008289369234,5757.427414825675,5731.732072745021]"
31,False,1,8,2,16,1024,124509.9,1245099,True,True,[],[],2026-09-26T01:36:56.786795+00:00,2026-09-26T01:37:06.786795+00:00,799.9104838191114,,,100.0,100.0,"{""8"":100.0,""9"":100.0,""10"":100.0,""11"":100.0,""12"":100.0,""13"":100.0,""14"":100.0,""15"":100.0}",99.83875223255042,100.03882989233509,"{""0"":99.83875223255042,""1"":100.03882989233509,""2"":100.03882989233509,""3"":100.03882989233509,""4"":100.03882989233509,""5"":99.93879106244276,""6"":99.93879106244276,""7"":99.93879106244276}","{""0"":[15],""1"":[14],""2"":[13],""3"":[12],""4"":[11],""5"":[10],""6"":[9],""7"":[8]}",687.7579525445494,692.7576468782551,85.96974406806868,86.59470585978188,"[85.79475476638898,84.59482812629962,86.79469363313011,85.9947425397372,85.59476699304075,85.89474865306309,85.69476087971486,87.39465695317479]","[86.09473642641132,85.1947914463443,87.09467529315245,86.49471197310777,86.99468140647834,86.39471808643366,86.79469363313011,87.69463861319713]","{""0"":15560.8,""1"":15298.7,""2"":15636.5,""3"":15501.7,""4"":15631.6,""5"":15526.4,""6"":15624.2,""7"":15730}",15601.433,"[14772.265,15411.419,15271.949,15510.627,14615.947,15601.433,15153.047,14755.818]","[8227.26147007866,8367.554839633432,8185.160499779362,8256.129944548018,8184.916915849944,8242.70387889659,8191.387231512654,8136.377353445645]"
32,False,2,8,2,16,1024,124381.8,1243818,True,True,[],[],2026-09-26T01:37:12.342424+00:00,2026-09-26T01:37:22.342424+00:00,800.0467304160969,,,100.0,100.0,"{""8"":100.0,""9"":100.0,""10"":100.0,""11"":100.0,""12"":100.0,""13"":100.0,""14"":100.0,""15"":100.0}",99.880865244399,100.08082693657998,"{""0"":99.98084609048949,""1"":99.880865244399,""2"":100.08082693657998,""3"":100.08082693657998,""4"":100.08082693657998,""5"":99.98084609048949,""6"":99.880865244399,""7"":99.98084609048949}","{""0"":[15],""1"":[14],""2"":[13],""3"":[12],""4"":[11],""5"":[10],""6"":[9],""7"":[8]}",690.3127791841264,695.8120843485423,86.2890973980158,86.97651054356778,"[86.08912266476432,84.78928689862967,86.78903423114451,87.58893316415046,86.2890973980158,86.38908476464155,85.88914793151284,86.48907213126729]","[86.68904686451877,85.5891858316356,86.989008964396,87.6889205307762,87.78890789740194,87.98888263065342,86.08912266476432,86.989008964396]","{""0"":15472.3,""1"":15333.4,""2"":15644.3,""3"":15695.9,""4"":15442.1,""5"":15629.6,""6"":15568.6,""7"":15595.6}",15923.608,"[15303.463,15923.608,14943.795,14225.883,15601.107,15399.533,14722.242,15405.679]","[8272.803901404444,8348.178789218307,8178.03700962651,8153.630909938263,8289.018547075852,8189.493264357373,8221.454530015544,8206.378966580318]"
33,False,3,8,2,16,1024,124608.2,1246082,True,True,[],[],2026-09-26T01:37:27.892139+00:00,2026-09-26T01:37:37.892139+00:00,799.997502331038,,,100.0,100.0,"{""8"":100.0,""9"":100.0,""10"":100.0,""11"":100.0,""12"":100.0,""13"":100.0,""14"":100.0,""15"":100.0}",99.89968810358837,100.09968747917112,"{""0"":99.99968779137976,""1"":100.09968747917112,""2"":99.99968779137976,""3"":99.99968779137976,""4"":99.89968810358837,""5"":99.99968779137976,""6"":99.99968779137976,""7"":100.09968747917112}","{""0"":[15],""1"":[14],""2"":[13],""3"":[12],""4"":[11],""5"":[10],""6"":[9],""7"":[8]}",686.5131216304002,694.3121346637779,85.81414020380002,86.78901683297224,"[85.28920663424576,85.28920663424576,85.28920663424576,85.9891180603181,86.18909275348165,85.88913071373635,86.2890801000634,86.2890801000634]","[86.889004179554,86.48905479322694,85.88913071373635,86.18909275348165,87.08897887271753,87.88887764537165,86.68902948639047,87.18896621929929]","{""0"":15417.1,""1"":15446.5,""2"":15515.9,""3"":15586.1,""4"":15609.2,""5"":15683.3,""6"":15687.4,""7"":15662.7}",16033.87,"[15419.711,16033.87,15175.832,15325.186,14901.195,14836.91,15416.369,15062.266]","[8299.666116883202,8285.025448004402,8250.424664086519,8214.736401139477,8198.843229307075,8157.114203790018,8163.133725391078,8168.969137485874]"
34,False,1,8,4,32,2048,138823.1,1388231,True,True,[],[],2026-09-26T01:37:54.562247+00:00,2026-09-26T01:38:04.562247+00:00,799.9024614139746,,,100.0,100.0,"{""8"":100.0,""9"":100.0,""10"":100.0,""11"":100.0,""12"":100.0,""13"":100.0,""14"":100.0,""15"":100.0}",99.88781986907009,100.08779548442358,"{""0"":99.98780767674683,""1"":100.08779548442358,""2"":99.98780767674683,""3"":99.98780767674683,""4"":100.08779548442358,""5"":99.98780767674683,""6"":99.98780767674683,""7"":99.88781986907009}","{""0"":[15],""1"":[14],""2"":[13],""3"":[12],""4"":[11],""5"":[10],""6"":[9],""7"":[8]}",681.929065674782,693.5278591671977,85.24113320934775,86.69098239589971,"[85.29112800888403,84.89116961259383,86.99095119311735,85.19113840981147,84.191242419086,85.19113840981147,84.79118001352128,85.39111760795657]","[85.39111760795657,86.69098239589971,87.99084718384283,86.59099279682715,85.99105520239186,86.69098239589971,87.0909407921899,87.0909407921899]","{""0"":17146.4,""1"":17315.3,""2"":17547.2,""3"":17209.3,""4"":17256.4,""5"":17336.7,""6"":17468.1,""7"":17543.7}",25221.64,"[24287.283,24041.994,23633.799,24474.99,24537.568,25221.64,24274.181,24218.036]","[14932.09214670718,14784.637946827372,14591.67004963185,14862.287311744232,14829.246489528521,14756.951944187764,14653.557651055353,14586.134208171596]"
35,False,2,8,4,32,2048,138443.7,1384437,True,True,[],[],2026-09-26T01:38:10.525333+00:00,2026-09-26T01:38:20.525333+00:00,799.9358365927919,,,100.0,100.0,"{""8"":100.0,""9"":100.0,""10"":100.0,""11"":100.0,""12"":100.0,""13"":100.0,""14"":100.0,""15"":100.0}",99.89198759452489,100.09197155367309,"{""0"":99.89198759452489,""1"":99.99197957409899,""2"":100.09197155367309,""3"":100.09197155367309,""4"":99.99197957409899,""5"":99.89198759452489,""6"":99.99197957409899,""7"":99.99197957409899}","{""0"":[15],""1"":[14],""2"":[13],""3"":[12],""4"":[11],""5"":[10],""6"":[9],""7"":[8]}",678.4324007256973,692.6309859730147,84.80405009071217,86.57887324662684,"[84.59157126218716,83.89164100351658,84.89154137304598,85.49148159476363,84.1916111143754,86.09142181648126,84.99153140999893,84.29160115132835]","[86.49138196429303,85.6914616686695,87.59127237077536,87.49128233382243,85.39149155781068,87.89124248163418,86.1914118534342,85.89144174257538]","{""0"":17224.2,""1"":17079,""2"":17406.5,""3"":17283.7,""4"":17260.6,""5"":17463.1,""6"":17362.3,""7"":17364.3}",24472.079,"[23732.307,23999.303,23592.894,23702.551,23448.818,23793.37,24472.079,24321.266]","[14871.568619610782,14981.191453814627,14702.058747933243,14814.550292934962,14826.096695960743,14656.157489998912,14735.21785264625,14734.667832455096]"
36,False,3,8,4,32,2048,138723.9,1387239,True,True,[],[],2026-09-26T01:38:26.464844+00:00,2026-09-26T01:38:36.464844+00:00,799.976025047511,,,100.0,100.0,"{""8"":100.0,""9"":100.0,""10"":100.0,""11"":100.0,""12"":100.0,""13"":100.0,""14"":100.0,""15"":100.0}",99.92198662446405,100.12203064173025,"{""0"":100.02200863309716,""1"":100.02200863309716,""2"":100.02200863309716,""3"":100.02200863309716,""4"":100.02200863309716,""5"":99.92198662446405,""6"":99.92198662446405,""7"":100.12203064173025}","{""0"":[15],""1"":[14],""2"":[13],""3"":[12],""4"":[11],""5"":[10],""6"":[9],""7"":[8]}",681.6704734447801,693.4699623499413,85.20880918059751,86.68374529374266,"[83.39638768563101,85.19630972201153,85.69628806545057,84.5963357098847,85.39630105938716,85.99627507151399,85.49629672807495,85.89627940282618]","[84.7963270472603,86.79624042101645,87.39621443314329,85.99627507151399,86.49625341495303,87.5962057705189,87.29621876445549,87.09622742707987]","{""0"":17005.5,""1"":17329.6,""2"":17411,""3"":17243.8,""4"":17393.1,""5"":17484.4,""6"":17465.4,""7"":17391.1}",24389.789,"[24389.789,23429.661,24216.034,24021.173,23669.589,24282.045,24116.544,24074.477]","[15052.024396036577,14781.063952041593,14698.934422169892,14849.012166361243,14713.895499686656,14628.171845530873,14665.382664582547,14725.734239461564]"
37,True,profile,8,4,32,2048,136691.0,1366910,True,True,[],[],2026-09-26T01:38:42.417307+00:00,2026-09-26T01:38:52.417307+00:00,799.7324234176893,,,99.9,100.0,"{""8"":100.0,""9"":100.0,""10"":99.9,""11"":100.0,""12"":100.0,""13"":100.0,""14"":100.0,""15"":100.0}",99.89155926409998,99.9915508149149,"{""0"":99.9915508149149,""1"":99.9915508149149,""2"":99.9915508149149,""3"":99.9915508149149,""4"":99.89155926409998,""5"":99.9915508149149,""6"":99.9915508149149,""7"":99.9915508149149}","{""0"":[15],""1"":[14],""2"":[13],""3"":[12],""4"":[11],""5"":[10],""6"":[9],""7"":[8]}",678.0675594853504,690.5669614814674,84.7584449356688,86.32087018518342,"[84.69594792568822,84.19597184584354,84.99593357359502,84.49595749375035,85.59590486940864,85.09592878956397,84.69594792568822,84.29596706181248]","[85.39591443747076,86.29587138119119,86.29587138119119,86.595857029098,87.09583310894267,87.09583310894267,85.7958953013465,85.99588573328438]","{""0"":16991.7,""1"":16926.1,""2"":17221.7,""3"":16963.6,""4"":17145.1,""5"":17144,""6"":17174.6,""7"":17124.2}",24794.385,"[22941.295,24794.385,24077.302,24742.654,24274.802,24713.848,24126.467,23863.184]","[15063.342754285917,15112.572213037853,14863.330791216895,15085.29531625952,14940.912459373232,14935.39318877158,14914.362354284816,14947.972712407001]"
38,False,1,12,1,12,768,120288.4,1202884,True,True,[],[],2026-09-26T03:14:37.898658+00:00,2026-09-26T03:14:47.898658+00:00,1199.9274562762096,0.10003563620476945,0.0,100.0,100.0,"{""4"":100.0,""5"":100.0,""6"":100.0,""7"":100.0,""8"":100.0,""9"":100.0,""10"":100.0,""11"":100.0,""12"":100.0,""13"":100.0,""14"":100.0,""15"":100.0}",99.93560056856467,100.03563620476945,"{""0"":99.93560056856467,""1"":100.03563620476945,""2"":99.93560056856467,""3"":99.93560056856467,""4"":99.93560056856467,""5"":99.93560056856467,""6"":100.03563620476945,""7"":100.03563620476945,""8"":99.93560056856467,""9"":99.93560056856467,""10"":99.93560056856467,""11"":100.03563620476945}","{""0"":[15],""1"":[14],""2"":[13],""3"":[12],""4"":[11],""5"":[10],""6"":[9],""7"":[8],""8"":[7],""9"":[6],""10"":[5],""11"":[4]}",736.0649167460155,743.7666423322967,92.00811459325193,92.97083029153708,"[61.1136926391922,61.413759869826535,61.51378228003798,61.1136926391922,61.51378228003798,60.61358058813499,61.413759869826535,62.0138943310952,61.51378228003798,62.0138943310952,61.51378228003798,60.31351335750065]","[61.81384951067231,61.213715049403646,61.413759869826535,62.0138943310952,62.914096022998194,61.81384951067231,62.51400638215242,62.113916741306646,62.0138943310952,62.41398397194097,62.21393915151809,61.31373745961509]","{""0"":10050.2,""1"":9974.9,""2"":9962.5,""3"":10005.6,""4"":10093.4,""5"":9919.4,""6"":10058.6,""7"":10048.1,""8"":9939,""9"":10219.5,""10"":10105.4,""11"":9911.8}",14222.866,"[13270.466,14054.636,13842.993,14194.333,12779.516,13478.444,13859.853,13975.933,14222.866,13075.311,13585.691,13369.226]","[6365.27199405982,6415.960625850886,6422.229970750313,6395.531212141201,6340.851243000376,6451.977388188801,6357.59440437039,6368.614645405599,6438.540952510313,6264.807313508488,6334.225250311714,6459.8948815048725]"
39,False,2,12,1,12,768,120447.7,1204477,True,True,[],[],2026-09-26T03:14:53.308629+00:00,2026-09-26T03:15:03.308629+00:00,1199.8173073637522,0.20000288504146563,0.0,100.0,100.0,"{""4"":100.0,""5"":100.0,""6"":100.0,""7"":100.0,""8"":100.0,""9"":100.0,""10"":100.0,""11"":100.0,""12"":100.0,""13"":100.0,""14"":100.0,""15"":100.0}",99.90144107821207,100.10144396325354,"{""0"":100.00144252073281,""1"":100.00144252073281,""2"":100.00144252073281,""3"":100.00144252073281,""4"":99.90144107821207,""5"":100.10144396325354,""6"":100.00144252073281,""7"":100.00144252073281,""8"":100.10144396325354,""9"":100.00144252073281,""10"":100.00144252073281,""11"":100.00144252073281}","{""0"":[15],""1"":[14],""2"":[13],""3"":[12],""4"":[11],""5"":[10],""6"":[9],""7"":[8],""8"":[7],""9"":[6],""10"":[5],""11"":[4]}",735.2189386003223,743.214794376291,91.90236732504029,92.90184929703638,"[61.06834848896097,61.3681930805598,60.56860750296293,60.36871110856371,61.96788226375745,61.26824488336019,61.867934066557844,60.96840029176136,61.16829668616058,61.46814127775941,60.86845209456175,62.26772685535628]","[62.26772685535628,62.667519644154716,61.56808947495902,61.767985869358235,61.96788226375745,61.96788226375745,62.56757144695511,60.96840029176136,62.36767505255589,61.46814127775941,61.26824488336019,62.36767505255589]","{""0"":10040.6,""1"":10026.2,""2"":10031.3,""3"":9895.9,""4"":10115.5,""5"":10055.3,""6"":10169.1,""7"":9999.6,""8"":10036.6,""9"":9994.5,""10"":9985,""11"":10098.1}",14675.028,"[13234.773,13423.718,14376.039,14043.709,13726.642,14675.028,13117.629,13927.507,13608.952,14201.747,14345.444,13443.681]","[6379.3206380296,6383.62836214119,6379.50852615314,6466.521689194516,6326.000380396421,6364.644466639484,6294.39649058422,6397.444299091964,6375.329784269573,6402.45777434589,6406.433880781172,6336.613893980056]"
40,False,3,12,1,12,768,120403.6,1204036,True,True,[],[],2026-09-26T03:15:08.722668+00:00,2026-09-26T03:15:18.722668+00:00,1199.2914459292913,0.19999857348941735,0.0,100.0,100.0,"{""4"":100.0,""5"":100.0,""6"":100.0,""7"":100.0,""8"":100.0,""9"":100.0,""10"":100.0,""11"":100.0,""12"":100.0,""13"":100.0,""14"":100.0,""15"":100.0}",99.79928817121926,99.99928674470868,"{""0"":99.99928674470868,""1"":99.89928745796396,""2"":99.99928674470868,""3"":99.99928674470868,""4"":99.99928674470868,""5"":99.99928674470868,""6"":99.99928674470868,""7"":99.79928817121926,""8"":99.99928674470868,""9"":99.99928674470868,""10"":99.99928674470868,""11"":99.99928674470868}","{""0"":[15],""1"":[14],""2"":[13],""3"":[12],""4"":[11],""5"":[10],""6"":[9],""7"":[8],""8"":[7],""9"":[6],""10"":[5],""11"":[4]}",735.0562350306334,743.7580845948822,91.88202937882917,92.96976057436028,"[60.41284065294633,62.3132445807708,61.313031987178974,61.413053246538155,61.112989468460604,60.11277687486878,60.21279813422796,62.11320206205243,61.713117024615705,61.112989468460604,61.413053246538155,61.81313828397489]","[62.51328709948916,61.21301072781979,61.81313828397489,61.21301072781979,61.81313828397489,61.61309576525652,62.913372136925894,62.3132445807708,62.21322332141162,60.61288317166469,63.013393396285075,62.51328709948916]","{""0"":10025.1,""1"":10094.9,""2"":10042,""3"":9966.1,""4"":9967.6,""5"":9980.2,""6"":10044.4,""7"":10120.4,""8"":10045.4,""9"":9959.5,""10"":10106.7,""11"":10051.3}",14879.818,"[14560.05,13347.344,14182.654,14279.182,14161.44,14239.425,13184.132,13973.179,13618.251,14879.818,13588.69,14025.546]","[6382.27547514738,6338.135194533874,6371.6977284803825,6423.79561241609,6423.0824536598575,6410.068932947235,6375.8675606208435,6326.033726107664,6372.529151034304,6424.470484080526,6329.855155886689,6366.148198451941]"
41,False,1,12,2,24,1536,153524.6,1535246,True,True,[],[],2026-09-26T03:15:30.534411+00:00,2026-09-26T03:15:40.534411+00:00,1199.9190702414687,0.30007979415842,0.0,100.0,100.0,"{""4"":100.0,""5"":100.0,""6"":100.0,""7"":100.0,""8"":100.0,""9"":100.0,""10"":100.0,""11"":100.0,""12"":100.0,""13"":100.0,""14"":100.0,""15"":100.0}",99.92657145475386,100.02659805280666,"{""0"":99.92657145475386,""1"":99.92657145475386,""2"":99.92657145475386,""3"":100.02659805280666,""4"":99.92657145475386,""5"":100.02659805280666,""6"":100.02659805280666,""7"":100.02659805280666,""8"":100.02659805280666,""9"":100.02659805280666,""10"":99.92657145475386,""11"":99.92657145475386}","{""0"":[15],""1"":[14],""2"":[13],""3"":[12],""4"":[11],""5"":[10],""6"":[9],""7"":[8],""8"":[7],""9"":[6],""10"":[5],""11"":[4]}",741.8387615949789,755.0394513402657,92.72984519937236,94.37993141753321,"[62.10324493805364,60.90318223393666,60.90318223393666,62.00323971271056,61.503213585995155,61.803229262024395,61.803229262024395,62.203250163396724,62.60327106476905,62.00323971271056,61.803229262024395,62.203250163396724]","[63.90333899422911,62.10324493805364,62.10324493805364,63.003291966141376,62.60327106476905,63.60332331819986,62.60327106476905,62.503265839425964,64.40336512094451,63.10329719148446,62.10324493805364,63.003291966141376]","{""0"":12838.2,""1"":12724,""2"":12598.3,""3"":12733.5,""4"":12838.6,""5"":12901.5,""6"":12847.3,""7"":12695.9,""8"":12904,""9"":12803.6,""10"":12802.4,""11"":12837.3}",21612.157,"[20831.431,21585.403,21357.744,21075.303,20501.432,20583.323,21612.157,21052.576,21580.277,19895.489,20892.275,20828.1]","[9967.567258517549,10058.114840961962,10160.45709498107,10046.577557160246,9965.341380228374,9915.151895655545,9964.282090236858,10084.240613977741,9925.889939987599,9993.941196311975,9996.136240986067,9975.109160142709]"
42,False,2,12,2,24,1536,153068.8,1530688,True,True,[],[],2026-09-26T03:15:46.141496+00:00,2026-09-26T03:15:56.141496+00:00,1199.615249548519,0.20001921626486352,0.0,100.0,100.0,"{""4"":100.0,""5"":100.0,""6"":100.0,""7"":100.0,""8"":100.0,""9"":100.0,""10"":100.0,""11"":100.0,""12"":100.0,""13"":100.0,""14"":100.0,""15"":100.0}",99.8095889161669,100.00960813243177,"{""0"":99.90959852429933,""1"":100.00960813243177,""2"":100.00960813243177,""3"":100.00960813243177,""4"":99.8095889161669,""5"":100.00960813243177,""6"":100.00960813243177,""7"":100.00960813243177,""8"":99.90959852429933,""9"":99.90959852429933,""10"":99.90959852429933,""11"":100.00960813243177}","{""0"":[15],""1"":[14],""2"":[13],""3"":[12],""4"":[11],""5"":[10],""6"":[9],""7"":[8],""8"":[7],""9"":[6],""10"":[5],""11"":[4]}",741.1520387890522,755.6511005300684,92.64400484863152,94.45638756625856,"[61.69600754625542,61.396026958510255,61.69600754625542,61.29603342926187,61.79600107550381,61.69600754625542,62.495955780242525,61.69600754625542,61.59601401700703,63.29590401422963,61.995988134000584,60.496085195274766]","[62.59594930949091,62.19597519249736,63.19591048498124,62.99592342648447,62.59594930949091,61.69600754625542,63.79587166047157,64.3958328359619,63.095916955732854,63.895865189719956,64.19584577746512,60.9960528415167]","{""0"":12774.9,""1"":12632.6,""2"":12710.6,""3"":12647.3,""4"":12736.7,""5"":12717.8,""6"":12861.6,""7"":12877.9,""8"":12729.6,""9"":12855.7,""10"":12877.7,""11"":12646.4}",22903.2,"[21174.33,22903.2,21467.28,21683.375,21434.121,20645.006,20019.734,21233.74,21430.212,21574.042,20591.721,21287.397]","[10018.696920649085,10131.95968672324,10068.045688724373,10116.862299890096,10046.7184741181,10070.085202346318,9951.48642583349,9940.499711963907,10056.915502207454,9950.29383632941,9944.010064747587,10128.433084648595]"
43,False,3,12,2,24,1536,153108.3,1531083,True,True,[],[],2026-09-26T03:16:01.747333+00:00,2026-09-26T03:16:11.747333+00:00,1199.3918819121777,0.0999993231542586,0.0,100.0,100.0,"{""4"":100.0,""5"":100.0,""6"":100.0,""7"":100.0,""8"":100.0,""9"":100.0,""10"":100.0,""11"":100.0,""12"":100.0,""13"":100.0,""14"":100.0,""15"":100.0}",99.59932586164156,99.9993231542586,"{""0"":99.89932383110434,""1"":99.9993231542586,""2"":99.89932383110434,""3"":99.9993231542586,""4"":99.59932586164156,""5"":99.89932383110434,""6"":99.89932383110434,""7"":99.9993231542586,""8"":99.9993231542586,""9"":99.9993231542586,""10"":99.9993231542586,""11"":99.9993231542586}","{""0"":[15],""1"":[14],""2"":[13],""3"":[12],""4"":[11],""5"":[10],""6"":[9],""7"":[8],""8"":[7],""9"":[6],""10"":[5],""11"":[4]}",742.7876837496558,757.1855066679423,92.84846046870697,94.64818833349278,"[62.290581097864525,61.890641572356564,60.69082299583269,61.790656690979574,61.490702046848604,62.690520623372485,60.99077763996366,62.090611335110545,62.290581097864525,62.190596216487535,61.690671809602584,62.690520623372485]","[62.690520623372485,63.89033919989636,61.490702046848604,62.290581097864525,62.190596216487535,64.89018801366625,63.4903996743884,62.490550860618505,63.19044503025743,64.69021825091228,62.390565979241515,63.4903996743884]","{""0"":12761.1,""1"":12837.7,""2"":12510.1,""3"":12649.2,""4"":12561.8,""5"":12875.6,""6"":12713.5,""7"":12849.1,""8"":12861.7,""9"":12885.6,""10"":12747.9,""11"":12855}",21834.847,"[21137.813,20737.434,21758.541,20250.393,21834.847,20566.344,20491.515,20622.868,20442.851,20753.099,21307.694,21459.945]","[10030.062194340613,9971.675776743497,10225.686400204635,10119.128983200519,10190.93587945199,9941.265578396346,10062.28513985134,9954.229513179911,9953.58959799249,9933.123189723412,10039.233654139112,9953.140970696228]"
44,False,1,12,4,48,3072,175974.5,1759745,True,True,[],[],2026-09-26T03:16:25.312713+00:00,2026-09-26T03:16:35.312713+00:00,1199.8966195722023,0.19994944502119688,0.0,100.0,100.0,"{""4"":100.0,""5"":100.0,""6"":100.0,""7"":100.0,""8"":100.0,""9"":100.0,""10"":100.0,""11"":100.0,""12"":100.0,""13"":100.0,""14"":100.0,""15"":100.0}",99.97472251059844,100.07469723310903,"{""0"":99.97472251059844,""1"":99.97472251059844,""2"":99.97472251059844,""3"":99.97472251059844,""4"":100.07469723310903,""5"":99.97472251059844,""6"":99.97472251059844,""7"":100.07469723310903,""8"":100.07469723310903,""9"":99.97472251059844,""10"":100.07469723310903,""11"":99.97472251059844}","{""0"":[15],""1"":[14],""2"":[13],""3"":[12],""4"":[11],""5"":[10],""6"":[9],""7"":[8],""8"":[7],""9"":[6],""10"":[5],""11"":[4]}",739.485827237291,759.685440097593,92.43572840466138,94.96068001219912,"[62.39880408330894,61.89881366597473,60.99883091477316,60.898832831306315,61.398823248640525,61.49882133210736,60.39884241397211,61.598819415574205,60.99883091477316,62.998792584109985,62.298805999842095,62.098809832908415]","[63.398784917977345,62.59880025024262,63.09879066757682,63.29878683451051,62.298805999842095,63.09879066757682,62.89879450064314,63.59878108491103,63.29878683451051,63.9987734187784,63.49878300144419,64.59876191957945]","{""0"":14727.1,""1"":14593.7,""2"":14468.1,""3"":14653.7,""4"":14650.4,""5"":14577.6,""6"":14540.9,""7"":14720.2,""8"":14641.1,""9"":14656.7,""10"":14858.8,""11"":14886.2}",35018.568,"[34250.803,33723.46,33114.782,33924.25,33866.919,35018.568,34231.952,32827.451,34540.112,33836.342,32561.904,33533.091]","[17382.188319458684,17542.787526096876,17695.01688134586,17482.122067989654,17471.44712851526,17557.707620191253,17626.90516945994,17396.89806139862,17480.1498173293,17465.253903566285,17233.634004859076,17189.31894274563]"
45,False,2,12,4,48,3072,176050.9,1760509,True,True,[],[],2026-09-26T03:16:41.397326+00:00,2026-09-26T03:16:51.397326+00:00,1199.9473918285798,0.09995396849884047,0.0,100.0,100.0,"{""4"":100.0,""5"":100.0,""6"":100.0,""7"":100.0,""8"":100.0,""9"":100.0,""10"":100.0,""11"":100.0,""12"":100.0,""13"":100.0,""14"":100.0,""15"":100.0}",99.85401453034164,100.15387643583816,"{""0"":99.95396849884048,""1"":100.05392246733932,""2"":100.15387643583816,""3"":99.95396849884048,""4"":99.95396849884048,""5"":100.05392246733932,""6"":100.05392246733932,""7"":99.95396849884048,""8"":100.05392246733932,""9"":99.95396849884048,""10"":100.05392246733932,""11"":99.85401453034164}","{""0"":[15],""1"":[14],""2"":[13],""3"":[12],""4"":[11],""5"":[10],""6"":[9],""7"":[8],""8"":[7],""9"":[6],""10"":[5],""11"":[4]}",740.5743888428794,760.465643179461,92.57179860535993,95.05820539743263,"[62.07270825636768,61.37301589276934,61.07314773694147,61.17310378888409,60.673323529170986,62.57248851608079,61.37301589276934,62.47253246413817,62.1726643083103,61.77284010053982,61.6728840485972,62.1726643083103]","[64.5716095549332,63.87191719133486,63.67200508744962,62.07270825636768,62.47253246413817,63.67200508744962,63.272180879679134,63.77196113939224,63.572049035507,63.37213693162176,63.172224827736514,62.972312723851275]","{""0"":14771.2,""1"":14713.1,""2"":14770.2,""3"":14394,""4"":14345.9,""5"":14830.5,""6"":14672,""7"":14881.1,""8"":14835,""9"":14589.7,""10"":14631.3,""11"":14616.9}",35436.674,"[35436.674,33601.864,33247.437,33917.527,34684.323,32062.998,34315.516,33470.329,33550.392,33322.92,33616.9,33129.044]","[17342.544623151807,17393.318079147157,17335.71023931294,17778.4772291163,17817.915791849937,17265.70052890327,17461.77224830289,17203.189407584116,17237.796054499497,17526.873047156558,17502.2521386343,17514.05846411346]"
46,False,3,12,4,48,3072,175521.3,1755213,True,True,[],[],2026-09-26T03:16:57.487052+00:00,2026-09-26T03:17:07.487052+00:00,1199.9120459056924,0.2998280974277093,0.0,100.0,100.0,"{""4"":100.0,""5"":100.0,""6"":100.0,""7"":100.0,""8"":100.0,""9"":100.0,""10"":100.0,""11"":100.0,""12"":100.0,""13"":100.0,""14"":100.0,""15"":100.0}",99.94269914256975,100.04264184171232,"{""0"":100.04264184171232,""1"":100.04264184171232,""2"":99.94269914256975,""3"":99.94269914256975,""4"":99.94269914256975,""5"":99.94269914256975,""6"":99.94269914256975,""7"":100.04264184171232,""8"":99.94269914256975,""9"":99.94269914256975,""10"":99.94269914256975,""11"":99.94269914256975}","{""0"":[15],""1"":[14],""2"":[13],""3"":[12],""4"":[11],""5"":[10],""6"":[9],""7"":[8],""8"":[7],""9"":[6],""10"":[5],""11"":[4]}",738.4859661491687,759.6769548908612,92.31074576864609,94.95961936135765,"[61.07402887346266,62.17356130817311,62.373476296302286,61.373901355656415,61.373901355656415,60.87411388533348,61.473858849721005,62.473433790366876,60.97407137939807,61.473858849721005,61.17398636752724,61.67377383785018]","[62.77330627256063,63.173136248818984,63.173136248818984,63.47300873101274,62.2735188022377,63.7728812132065,62.87326376662522,63.57296622507733,62.57339128443146,64.87241364791696,63.27309374288357,63.87283870727109]","{""0"":14509.7,""1"":14555.7,""2"":14648.7,""3"":14507.7,""4"":14578.6,""5"":14488,""6"":14673.5,""7"":14721.3,""8"":14776.3,""9"":14692.1,""10"":14696.9,""11"":14672.8}",35140.632,"[33464.732,34374.059,34234.316,33631.681,33445.034,33648.176,33433.999,35140.632,33314.631,32714.015,34674.785,33835.437]","[17645.738432083366,17586.55410215929,17496.84999810222,17638.277978838825,17562.88357482886,17654.754342062395,17445.9142345589,17404.8768561608,17327.328166739982,17423.33596664874,17418.760331280744,17451.1660089349]"
47,False,1,16,1,16,1024,137262.7,1372627,True,True,[],[],2026-09-26T03:17:26.106596+00:00,2026-09-26T03:17:36.106596+00:00,1576.8805867701915,0.1999848556461879,0.0,99.8001998001998,99.9000999000999,"{""0"":99.9,""1"":99.9000999000999,""2"":99.9000999000999,""3"":99.8001998001998,""4"":99.9,""5"":99.9,""6"":99.9,""7"":99.9,""8"":99.9,""9"":99.9,""10"":99.9000999000999,""11"":99.9,""12"":99.89989989989989,""13"":99.9,""14"":99.9,""15"":99.89989989989989}",94.89281400411615,99.79244296744776,"{""0"":97.89258683880897,""1"":99.19248840050919,""2"":99.0924959726861,""3"":99.0924959726861,""4"":96.19271556581637,""5"":99.79244296744776,""6"":98.79251868921682,""7"":98.79251868921682,""8"":99.49246568397847,""9"":98.89251111703992,""10"":97.59260955533969,""11"":99.79244296744776,""12"":98.992503544863,""13"":99.39247325615538,""14"":99.59245811180156,""15"":94.89281400411615}","{""0"":[15],""1"":[14],""2"":[13],""3"":[12],""4"":[11],""5"":[10],""6"":[9],""7"":[8],""8"":[7],""9"":[6],""10"":[5],""11"":[4],""12"":[3],""13"":[2],""14"":[1],""15"":[0]}",762.8123018673173,772.312455076205,95.35153773341466,96.53905688452562,"[47.200761206262946,48.30077894623942,47.100759593537816,48.000774108064014,46.400748304461885,48.30077894623942,47.50076604443835,47.30076281898808,48.40078055896455,48.000774108064014,47.200761206262946,47.40076443171321,47.70076926988862,48.10077572078915,49.30079507349075,46.60075152991215]","[48.20077733351428,49.20079346076562,47.900772495338884,49.60079991166615,46.30074669173675,48.40078055896455,48.40078055896455,47.900772495338884,48.90078862259021,48.20077733351428,48.000774108064014,48.40078055896455,48.500782171689686,48.80078700986508,48.70078539713995,46.90075636808755]","{""0"":8552.3,""1"":8711.8,""2"":8462,""3"":8638.4,""4"":8262,""5"":8657.5,""6"":8643.2,""7"":8526.9,""8"":8815.6,""9"":8692.2,""10"":8401,""11"":8647.6,""12"":8602.5,""13"":8686.1,""14"":8780.7,""15"":8182.9}",20343.055,"[19182.872,18159.239,18305.53,18207.557,20343.055,17736.547,17194.979,18983.2,16948.155,17368.106,17698.813,17023.118,16716.325,16790.379,17019.737,17779.802]","[7483.196054312874,7348.486228735737,7564.332333266368,7409.486619084553,7743.30720560397,7389.217120704591,7404.777461148648,7505.959742602821,7261.312871421117,7361.697491060951,7619.306502773479,7398.4842332785975,7440.508635431561,7365.778218210705,7290.58774722972,7819.1073845336]"
48,False,2,16,1,16,1024,136237.7,1362377,True,True,[],[],2026-09-26T03:17:41.768895+00:00,2026-09-26T03:17:51.768895+00:00,1572.8989409303297,0.200038018686294,0.0,99.8,99.9000999000999,"{""0"":99.9000999000999,""1"":99.9,""2"":99.89989989989989,""3"":99.89989989989989,""4"":99.9,""5"":99.8,""6"":99.89989989989989,""7"":99.8001998001998,""8"":99.9,""9"":99.9,""10"":99.9,""11"":99.89989989989989,""12"":99.9,""13"":99.8001998001998,""14"":99.9,""15"":99.8}",92.81764067044041,99.71895231511756,"{""0"":99.01881924971553,""1"":97.71857212825462,""2"":99.51891429643126,""3"":99.71895231511756,""4"":92.81764067044041,""5"":99.51891429643126,""6"":98.91880024037239,""7"":93.81783076387188,""8"":99.21885726840182,""9"":98.71876222168609,""10"":99.31887627774498,""11"":99.41889528708812,""12"":98.81878123102923,""13"":98.81878123102923,""14"":99.61893330577442,""15"":98.01862915628406}","{""0"":[15],""1"":[14],""2"":[13],""3"":[12],""4"":[11],""5"":[10],""6"":[9],""7"":[8],""8"":[7],""9"":[6],""10"":[5],""11"":[4],""12"":[3],""13"":[2],""14"":[1],""15"":[0]}",762.9902139586704,770.5901164830294,95.3737767448338,96.32376456037868,"[48.09938308179823,48.699375386352884,48.49937795150133,47.3993920598178,44.49942925447029,47.599389494669346,48.19938179922401,47.09939590754047,48.59937666892711,46.79939975526314,48.29938051664978,48.39937923407555,47.7993869295209,48.19938179922401,46.59940232041159,48.19938179922401]","[48.89937282120444,48.59937666892711,48.39937923407555,48.09938308179823,44.8994241241734,47.7993869295209,48.49937795150133,46.79939975526314,48.29938051664978,48.19938179922401,49.29936769090754,48.29938051664978,48.59937666892711,49.099370256055984,47.3993920598178,49.399366408333314]","{""0"":8530.8,""1"":8566,""2"":8625.1,""3"":8536.1,""4"":7897.4,""5"":8591.9,""6"":8601.5,""7"":8367.2,""8"":8630.8,""9"":8567,""10"":8595.7,""11"":8579.1,""12"":8568,""13"":8566.1,""14"":8412.3,""15"":8602.7}",25484.016,"[16834.058,16922.103,17034.578,17411.227,25484.016,17146.163,17108.446,17936.741,17792.916,17188.163,17269.238,17640.502,17388.299,16958.526,18004.594,17696.727]","[7499.558649376378,7469.510922776092,7417.699159789451,7498.568309169293,8105.769439942259,7443.998795749485,7437.766477335349,7653.754461743475,7417.568434119664,7469.268974880354,7444.3900319113045,7460.553727745335,7469.950965978058,7464.450024877132,7609.019815425033,7443.120944505795]"
49,False,3,16,1,16,1024,137484.9,1374849,True,True,[],[],2026-09-26T03:17:57.442818+00:00,2026-09-26T03:18:07.442818+00:00,1578.212417052725,0.20005227748164847,0.0,99.8,100.0,"{""0"":99.9,""1"":99.9,""2"":100.0,""3"":100.0,""4"":100.0,""5"":99.8,""6"":100.0,""7"":100.0,""8"":99.9,""9"":99.89989989989989,""10"":100.0,""11"":100.0,""12"":100.0,""13"":100.0,""14"":99.89989989989989,""15"":100.0}",92.92428289022573,99.82608646334259,"{""0"":99.02587735341599,""1"":99.82608646334259,""2"":99.62603418586095,""3"":99.32595576963847,""4"":92.92428289022573,""5"":99.52600804712011,""6"":99.12590349215682,""7"":98.72579893719353,""8"":99.4259819083793,""9"":98.82582507593435,""10"":99.22592963089765,""11"":99.12590349215682,""12"":99.4259819083793,""13"":98.72579893719353,""14"":99.82608646334259,""15"":94.9248056650422}","{""0"":[15],""1"":[14],""2"":[13],""3"":[12],""4"":[11],""5"":[10],""6"":[9],""7"":[8],""8"":[7],""9"":[6],""10"":[5],""11"":[4],""12"":[3],""13"":[2],""14"":[1],""15"":[0]}",762.459700804338,772.3591775754369,95.30746260054225,96.54489719692961,"[47.69747898802219,46.597537124566756,47.897468417741365,49.09740499605638,45.5975899759709,47.197505413724265,46.9975159840051,48.29744727717971,48.197452562320116,48.39744199203929,48.29744727717971,47.49748955830302,47.797473702881774,48.497436706898874,48.29744727717971,46.09756355026883]","[48.59743142175846,47.797473702881774,48.897415566337216,48.197452562320116,45.497595261111314,48.69742613661805,48.59743142175846,48.497436706898874,48.69742613661805,49.09740499605638,47.897468417741365,48.69742613661805,48.897415566337216,48.69742613661805,48.9974102811968,46.597537124566756]","{""0"":8643.6,""1"":8548.5,""2"":8551.5,""3"":8677.5,""4"":8155.5,""5"":8572.3,""6"":8630.8,""7"":8715.3,""8"":8738.9,""9"":8714.6,""10"":8663.2,""11"":8557.4,""12"":8745.1,""13"":8764,""14"":8599.2,""15"":8207.5}",27952.253,"[16490.948,17709.042,18039.775,17116.138,27952.253,17806.063,17344.529,17113.835,16642.727,16814.233,17777.896,17099.926,15897.119,17092.245,17531.522,19850.081]","[7403.30614771623,7487.430746844476,7481.144249500087,7373.41443835206,7848.150911286862,7469.214352530826,7418.839972621309,7343.747272704325,7322.232881941663,7346.653984451381,7382.8953537491925,7477.510210764952,7318.570182079107,7300.054003514378,7439.959564482743,7797.15949084374]"
50,False,1,16,2,32,2048,171478.1,1714781,True,True,[],[],2026-09-26T03:18:20.891517+00:00,2026-09-26T03:18:30.891517+00:00,1526.9840989560655,0.3001344622202841,0.0,99.7,99.89989989989989,"{""0"":99.8,""1"":99.8,""2"":99.8997995991984,""3"":99.7997997997998,""4"":99.8,""5"":99.89989989989989,""6"":99.7997997997998,""7"":99.8997995991984,""8"":99.89989989989989,""9"":99.89989989989989,""10"":99.7,""11"":99.89989989989989,""12"":99.8,""13"":99.89989989989989,""14"":99.7997997997998,""15"":99.7997997997998}",91.54101097718666,98.3440587875131,"{""0"":93.64195221272865,""1"":96.24311755197111,""2"":95.04257970308997,""3"":95.24266934457016,""4"":94.84249006160978,""5"":96.94343129715178,""6"":95.74289344827064,""7"":97.74378986307254,""8"":96.04302791049092,""9"":95.24266934457016,""10"":91.54101097718666,""11"":98.3440587875131,""12"":96.74334165567159,""13"":95.14262452383007,""14"":93.34181775050837,""15"":95.14262452383007}","{""0"":[15],""1"":[14],""2"":[13],""3"":[12],""4"":[11],""5"":[10],""6"":[9],""7"":[8],""8"":[7],""9"":[6],""10"":[5],""11"":[4],""12"":[3],""13"":[2],""14"":[1],""15"":[0]}",762.0400669198569,777.8388243760094,95.25500836498212,97.22985304700117,"[46.296358874674425,48.89615440543368,47.49626450425561,47.59625664005405,46.796319553666585,48.796162269635246,48.49618586223995,48.69617013383681,48.19620945484465,47.59625664005405,45.09645324509323,48.99614654123211,48.39619372644151,47.79624091165091,45.29643751669009,47.59625664005405]","[46.99630382526345,48.99614654123211,47.39627236845718,47.79624091165091,47.79624091165091,49.396115084425844,49.296122948627406,50.59602071400703,49.79608362761957,48.19620945484465,46.496343146271286,49.79608362761957,50.29604430661173,49.196130812828976,45.89639033148069,49.896075763418004]","{""0"":10343.8,""1"":10829.6,""2"":10583.1,""3"":10703.9,""4"":10485.6,""5"":10966.4,""6"":10902.3,""7"":10875.7,""8"":10911.8,""9"":10957.3,""10"":10257,""11"":11185.8,""12"":10938.1,""13"":10658.2,""14"":10267.6,""15"":10611.9}",45163.741,"[36593.855,26045.671,31554.619,31397.404,35472.023,26812.949,29379.11,25388.266,29314.072,31135.76,45163.741,26121.899,27160.094,28342.057,38419.108,32188.619]","[12371.170213664225,11830.134670717294,12091.663789088265,11953.537126467923,12205.277810912108,11670.333904672454,11740.544852003704,11770.07456991274,11734.603278505838,11689.53737824099,12471.554972175101,11437.086707933273,11695.749217295508,12002.645122816235,12461.602712318361,12061.588191850658]"
51,False,2,16,2,32,2048,172770.7,1727707,True,True,[],[],2026-09-26T03:18:36.805439+00:00,2026-09-26T03:18:46.805439+00:00,1550.9160919410137,0.2999450925620836,0.0,99.60079840319361,99.89989989989989,"{""0"":99.7,""1"":99.7002997002997,""2"":99.8001998001998,""3"":99.89989989989989,""4"":99.7997997997998,""5"":99.8,""6"":99.7,""7"":99.8,""8"":99.89989989989989,""9"":99.8,""10"":99.7002997002997,""11"":99.7002997002997,""12"":99.60079840319361,""13"":99.8001998001998,""14"":99.7997997997998,""15"":99.7}",91.38327153391481,99.68175242813246,"{""0"":98.48197205788412,""1"":91.38327153391481,""2"":97.88208187275995,""3"":96.68230150251162,""4"":93.48288718184939,""5"":98.18202696532204,""6"":96.28237471242883,""7"":93.3829054843287,""8"":99.68175242813246,""9"":96.38235640994954,""10"":99.58177073061177,""11"":97.0822282925944,""12"":96.38235640994954,""13"":97.88208187275995,""14"":99.28182563804968,""15"":98.58195375540481}","{""0"":[15],""1"":[14],""2"":[13],""3"":[12],""4"":[11],""5"":[10],""6"":[9],""7"":[8],""8"":[7],""9"":[6],""10"":[5],""11"":[4],""12"":[3],""13"":[2],""14"":[1],""15"":[0]}",764.0283083947514,778.6250282358446,95.50353854934393,97.32812852948058,"[48.18917098223897,46.989440584340905,47.889238382764454,47.78926084960628,46.2895978522337,48.58908111487166,46.38957538539187,46.78948551802456,47.68928331644811,47.889238382764454,50.18872164540241,46.989440584340905,47.389350716973595,48.089193449080796,48.88901371434618,47.98921591592263]","[50.08874411224424,47.28937318381542,48.88901371434618,47.58930578328994,47.889238382764454,49.58885644645338,47.98921591592263,47.58930578328994,49.58885644645338,48.38912604855531,49.788811512769726,49.388901380137035,47.889238382764454,49.08896878066252,49.68883397961155,47.889238382764454]","{""0"":11046.7,""1"":10357.3,""2"":10722.8,""3"":10802.8,""4"":10420.6,""5"":11032.9,""6"":10708.2,""7"":10479.8,""8"":11014.7,""9"":10798,""10"":11192.5,""11"":10770.2,""12"":10657.5,""13"":10830.3,""14"":11071.7,""15"":10864.7}",38705.045,"[25305.968,28038.407,25272.013,27035.352,38705.045,26382.12,28217.1,26984.676,25991.569,27167.764,25099.187,28026.138,26584.166,27316.314,24529.112,26258.009]","[11592.166719246472,12354.50410790457,11938.504299623233,11841.52367572296,12267.769230408998,11587.197779405233,11966.934930959453,12207.721091347163,11619.646251881577,11859.949258714578,11441.719815376367,11888.009845016806,12008.055138935022,11821.976318910833,11562.885452369554,11781.453063913406]"
52,False,3,16,2,32,2048,174163.1,1741631,True,True,[],[],2026-09-26T03:18:52.706655+00:00,2026-09-26T03:19:02.706655+00:00,1574.416387454606,0.2999078774756377,0.0,99.8,99.9000999000999,"{""0"":99.8,""1"":99.89989989989989,""2"":99.89989989989989,""3"":99.89989989989989,""4"":99.8001998001998,""5"":99.9,""6"":99.8,""7"":99.89989989989989,""8"":99.9000999000999,""9"":99.9,""10"":99.9,""11"":99.9,""12"":99.9,""13"":99.9,""14"":99.8,""15"":99.9000999000999}",93.7711963573827,99.86932319938735,"{""0"":94.37101211233399,""1"":98.6696916894848,""2"":99.26950744443607,""3"":99.66938461440358,""4"":93.7711963573827,""5"":98.46975310450104,""6"":97.86993734954976,""7"":99.36947673692795,""8"":99.86932319938735,""9"":99.36947673692795,""10"":98.96959956696044,""11"":98.76966098197667,""12"":99.06956885945232,""13"":99.36947673692795,""14"":99.46944602941983,""15"":98.1698452270254}","{""0"":[15],""1"":[14],""2"":[13],""3"":[12],""4"":[11],""5"":[10],""6"":[9],""7"":[8],""8"":[7],""9"":[6],""10"":[5],""11"":[4],""12"":[3],""13"":[2],""14"":[1],""15"":[0]}",765.7492947789401,779.9557750322206,95.71866184736751,97.49447187902757,"[47.42163126799289,48.32204198827124,48.42208762385772,48.02190508151179,45.32067292067675,48.221996352684755,47.521676903579376,47.72176817475234,48.72222453061717,49.02236143737662,48.922315801790134,47.42163126799289,47.121494361233445,47.22153999681993,48.72222453061717,47.62172253916586]","[47.42163126799289,48.5221332594442,49.1224070729631,49.02236143737662,46.821357454474,49.92277215765496,47.821813810338824,49.22245270854958,49.42254397972255,49.62263525089551,49.22245270854958,48.02190508151179,50.22290906441441,48.32204198827124,48.5221332594442,48.72222453061717]","{""0"":10626.7,""1"":10979,""2"":10869.5,""3"":11028.9,""4"":10167.1,""5"":10971.3,""6"":10721.1,""7"":10945.2,""8"":11092.3,""9"":11063.8,""10"":11023.8,""11"":10927.6,""12"":10895.1,""13"":10903.8,""14"":11107.4,""15"":10840.5}",39657.623,"[26277.126,26007.116,27935.394,26020.945,39657.623,24628.82,26450.122,26505.135,25643.596,25247.022,26266.475,25276.85,26443.247,26660.853,24435.531,26756.38]","[12041.120202951057,11648.537770634848,11773.691124127145,11612.121638839775,12585.931626678208,11665.015235897295,11942.549355075505,11697.088010378979,11539.09790802629,11569.827718586743,11614.304213084417,11717.71025054907,11735.019411377592,11740.606109787414,11508.22144493761,11797.383292218994]"
